source,section,case,face,arm_label,arm_id,run_tag,republished,status,detail,unscored_cause
amber-commandcode/results/2026-W37.md,Full matrix (same-name cross-vendor),A-0676097b,req-drift,v4.1-flash-exp 预览 @ 官方,deepseek-v4.1-flash-exp@deepseek-official,primary,1,pass,✓ 4/4,
amber-commandcode/results/2026-W37.md,Full matrix (same-name cross-vendor),A-0676097b,req-drift,v4.1-flash @ CommandCode,deepseek-v4.1-flash@commandcode,primary,0,pass,✓ 4/4,
amber-commandcode/results/2026-W37.md,Full matrix (same-name cross-vendor),A-0676097b,req-drift,v4.1-flash @ OpenCode Go,deepseek-v4.1-flash@opencode-go,primary,1,pass,✓ 4/4,
amber-commandcode/results/2026-W37.md,Full matrix (same-name cross-vendor),A-13854d9d,text,v4.1-flash-exp 预览 @ 官方,deepseek-v4.1-flash-exp@deepseek-official,primary,1,pass,✓ 5/5,
amber-commandcode/results/2026-W37.md,Full matrix (same-name cross-vendor),A-13854d9d,text,v4.1-flash @ CommandCode,deepseek-v4.1-flash@commandcode,primary,0,pass,✓ 5/5,
amber-commandcode/results/2026-W37.md,Full matrix (same-name cross-vendor),A-13854d9d,text,v4.1-flash @ OpenCode Go,deepseek-v4.1-flash@opencode-go,primary,1,pass,✓ 5/5,
amber-commandcode/results/2026-W37.md,Full matrix (same-name cross-vendor),A-1fd3683a,text,v4.1-flash-exp 预览 @ 官方,deepseek-v4.1-flash-exp@deepseek-official,primary,1,pass,✓ 2/2,
amber-commandcode/results/2026-W37.md,Full matrix (same-name cross-vendor),A-1fd3683a,text,v4.1-flash @ CommandCode,deepseek-v4.1-flash@commandcode,primary,0,pass,✓ 2/2,
amber-commandcode/results/2026-W37.md,Full matrix (same-name cross-vendor),A-1fd3683a,text,v4.1-flash @ OpenCode Go,deepseek-v4.1-flash@opencode-go,primary,1,pass,✓ 2/2,
amber-commandcode/results/2026-W37.md,Full matrix (same-name cross-vendor),A-24bcf707,ops,v4.1-flash-exp 预览 @ 官方,deepseek-v4.1-flash-exp@deepseek-official,primary,1,pass,✓ 5/5,
amber-commandcode/results/2026-W37.md,Full matrix (same-name cross-vendor),A-24bcf707,ops,v4.1-flash @ CommandCode,deepseek-v4.1-flash@commandcode,primary,0,pass,✓ 5/5,
amber-commandcode/results/2026-W37.md,Full matrix (same-name cross-vendor),A-24bcf707,ops,v4.1-flash @ OpenCode Go,deepseek-v4.1-flash@opencode-go,primary,1,pass,✓ 5/5,
amber-commandcode/results/2026-W37.md,Full matrix (same-name cross-vendor),A-442d4aab,build,v4.1-flash-exp 预览 @ 官方,deepseek-v4.1-flash-exp@deepseek-official,primary,1,pass,✓ 7/7,
amber-commandcode/results/2026-W37.md,Full matrix (same-name cross-vendor),A-442d4aab,build,v4.1-flash @ CommandCode,deepseek-v4.1-flash@commandcode,primary,0,pass,✓ 7/7,
amber-commandcode/results/2026-W37.md,Full matrix (same-name cross-vendor),A-442d4aab,build,v4.1-flash @ OpenCode Go,deepseek-v4.1-flash@opencode-go,primary,1,pass,✓ 7/7,
amber-commandcode/results/2026-W37.md,Full matrix (same-name cross-vendor),A-47eea242,review,v4.1-flash-exp 预览 @ 官方,deepseek-v4.1-flash-exp@deepseek-official,primary,1,fail,✗ 1,
amber-commandcode/results/2026-W37.md,Full matrix (same-name cross-vendor),A-47eea242,review,v4.1-flash @ CommandCode,deepseek-v4.1-flash@commandcode,primary,0,pass,✓ 4,
amber-commandcode/results/2026-W37.md,Full matrix (same-name cross-vendor),A-47eea242,review,v4.1-flash @ OpenCode Go,deepseek-v4.1-flash@opencode-go,primary,1,pass,✓ 3,
amber-commandcode/results/2026-W37.md,Full matrix (same-name cross-vendor),A-569dbe0d,build,v4.1-flash-exp 预览 @ 官方,deepseek-v4.1-flash-exp@deepseek-official,primary,1,pass,✓ 10/10,
amber-commandcode/results/2026-W37.md,Full matrix (same-name cross-vendor),A-569dbe0d,build,v4.1-flash @ CommandCode,deepseek-v4.1-flash@commandcode,primary,0,pass,✓ 10/10,
amber-commandcode/results/2026-W37.md,Full matrix (same-name cross-vendor),A-569dbe0d,build,v4.1-flash @ OpenCode Go,deepseek-v4.1-flash@opencode-go,primary,1,pass,✓ 10/10,
amber-commandcode/results/2026-W37.md,Full matrix (same-name cross-vendor),A-61f7ad01,build,v4.1-flash-exp 预览 @ 官方,deepseek-v4.1-flash-exp@deepseek-official,primary,1,pass,✓ 7/7,
amber-commandcode/results/2026-W37.md,Full matrix (same-name cross-vendor),A-61f7ad01,build,v4.1-flash @ CommandCode,deepseek-v4.1-flash@commandcode,primary,0,pass,✓ 7/7,
amber-commandcode/results/2026-W37.md,Full matrix (same-name cross-vendor),A-61f7ad01,build,v4.1-flash @ OpenCode Go,deepseek-v4.1-flash@opencode-go,primary,1,pass,✓ 7/7,
amber-commandcode/results/2026-W37.md,Full matrix (same-name cross-vendor),A-641195e2,build,v4.1-flash-exp 预览 @ 官方,deepseek-v4.1-flash-exp@deepseek-official,primary,1,pass,✓ 8/8,
amber-commandcode/results/2026-W37.md,Full matrix (same-name cross-vendor),A-641195e2,build,v4.1-flash @ CommandCode,deepseek-v4.1-flash@commandcode,primary,0,pass,✓ 8/8,
amber-commandcode/results/2026-W37.md,Full matrix (same-name cross-vendor),A-641195e2,build,v4.1-flash @ OpenCode Go,deepseek-v4.1-flash@opencode-go,primary,1,pass,✓ 8/8,
amber-commandcode/results/2026-W37.md,Full matrix (same-name cross-vendor),A-6fbeb363,ops,v4.1-flash-exp 预览 @ 官方,deepseek-v4.1-flash-exp@deepseek-official,primary,1,pass,✓ 6/6,
amber-commandcode/results/2026-W37.md,Full matrix (same-name cross-vendor),A-6fbeb363,ops,v4.1-flash @ CommandCode,deepseek-v4.1-flash@commandcode,primary,0,pass,✓ 6/6,
amber-commandcode/results/2026-W37.md,Full matrix (same-name cross-vendor),A-6fbeb363,ops,v4.1-flash @ OpenCode Go,deepseek-v4.1-flash@opencode-go,primary,1,pass,✓ 6/6,
amber-commandcode/results/2026-W37.md,Full matrix (same-name cross-vendor),A-77d62143,build,v4.1-flash-exp 预览 @ 官方,deepseek-v4.1-flash-exp@deepseek-official,primary,1,pass,✓ 8/8,
amber-commandcode/results/2026-W37.md,Full matrix (same-name cross-vendor),A-77d62143,build,v4.1-flash @ CommandCode,deepseek-v4.1-flash@commandcode,primary,0,pass,✓ 8/8,
amber-commandcode/results/2026-W37.md,Full matrix (same-name cross-vendor),A-77d62143,build,v4.1-flash @ OpenCode Go,deepseek-v4.1-flash@opencode-go,primary,1,pass,✓ 8/8,
amber-commandcode/results/2026-W37.md,Full matrix (same-name cross-vendor),A-791e90ac,text,v4.1-flash-exp 预览 @ 官方,deepseek-v4.1-flash-exp@deepseek-official,primary,1,fail,✗ no code,
amber-commandcode/results/2026-W37.md,Full matrix (same-name cross-vendor),A-791e90ac,text,v4.1-flash @ CommandCode,deepseek-v4.1-flash@commandcode,primary,0,pass,✓ 6/6,
amber-commandcode/results/2026-W37.md,Full matrix (same-name cross-vendor),A-791e90ac,text,v4.1-flash @ OpenCode Go,deepseek-v4.1-flash@opencode-go,primary,1,pass,✓ 6/6,
amber-commandcode/results/2026-W37.md,Full matrix (same-name cross-vendor),A-87c472cb,build,v4.1-flash-exp 预览 @ 官方,deepseek-v4.1-flash-exp@deepseek-official,primary,1,fail,✗ 6/8,
amber-commandcode/results/2026-W37.md,Full matrix (same-name cross-vendor),A-87c472cb,build,v4.1-flash @ CommandCode,deepseek-v4.1-flash@commandcode,primary,0,fail,✗ 6/8,
amber-commandcode/results/2026-W37.md,Full matrix (same-name cross-vendor),A-87c472cb,build,v4.1-flash @ OpenCode Go,deepseek-v4.1-flash@opencode-go,primary,1,fail,✗ 6/8,
amber-commandcode/results/2026-W37.md,Full matrix (same-name cross-vendor),A-8c909d0a,ops,v4.1-flash-exp 预览 @ 官方,deepseek-v4.1-flash-exp@deepseek-official,primary,1,pass,✓ 7/7,
amber-commandcode/results/2026-W37.md,Full matrix (same-name cross-vendor),A-8c909d0a,ops,v4.1-flash @ CommandCode,deepseek-v4.1-flash@commandcode,primary,0,pass,✓ 7/7,
amber-commandcode/results/2026-W37.md,Full matrix (same-name cross-vendor),A-8c909d0a,ops,v4.1-flash @ OpenCode Go,deepseek-v4.1-flash@opencode-go,primary,1,pass,✓ 7/7,
amber-commandcode/results/2026-W37.md,Full matrix (same-name cross-vendor),A-8d4bc770,ops,v4.1-flash-exp 预览 @ 官方,deepseek-v4.1-flash-exp@deepseek-official,primary,1,pass,✓ 5/5,
amber-commandcode/results/2026-W37.md,Full matrix (same-name cross-vendor),A-8d4bc770,ops,v4.1-flash @ CommandCode,deepseek-v4.1-flash@commandcode,primary,0,pass,✓ 5/5,
amber-commandcode/results/2026-W37.md,Full matrix (same-name cross-vendor),A-8d4bc770,ops,v4.1-flash @ OpenCode Go,deepseek-v4.1-flash@opencode-go,primary,1,pass,✓ 5/5,
amber-commandcode/results/2026-W37.md,Full matrix (same-name cross-vendor),A-984e80ee,ops,v4.1-flash-exp 预览 @ 官方,deepseek-v4.1-flash-exp@deepseek-official,primary,1,pass,✓ 5/5,
amber-commandcode/results/2026-W37.md,Full matrix (same-name cross-vendor),A-984e80ee,ops,v4.1-flash @ CommandCode,deepseek-v4.1-flash@commandcode,primary,0,pass,✓ 5/5,
amber-commandcode/results/2026-W37.md,Full matrix (same-name cross-vendor),A-984e80ee,ops,v4.1-flash @ OpenCode Go,deepseek-v4.1-flash@opencode-go,primary,1,pass,✓ 5/5,
amber-commandcode/results/2026-W37.md,Full matrix (same-name cross-vendor),A-a317e74b,verify,v4.1-flash-exp 预览 @ 官方,deepseek-v4.1-flash-exp@deepseek-official,primary,1,fail,✗ 7/15,
amber-commandcode/results/2026-W37.md,Full matrix (same-name cross-vendor),A-a317e74b,verify,v4.1-flash @ CommandCode,deepseek-v4.1-flash@commandcode,primary,0,fail,✗ 13/15,
amber-commandcode/results/2026-W37.md,Full matrix (same-name cross-vendor),A-a317e74b,verify,v4.1-flash @ OpenCode Go,deepseek-v4.1-flash@opencode-go,primary,1,fail,✗ 7/15,
amber-commandcode/results/2026-W37.md,Full matrix (same-name cross-vendor),A-a5608487,ops,v4.1-flash-exp 预览 @ 官方,deepseek-v4.1-flash-exp@deepseek-official,primary,1,pass,✓ 5/5,
amber-commandcode/results/2026-W37.md,Full matrix (same-name cross-vendor),A-a5608487,ops,v4.1-flash @ CommandCode,deepseek-v4.1-flash@commandcode,primary,0,pass,✓ 5/5,
amber-commandcode/results/2026-W37.md,Full matrix (same-name cross-vendor),A-a5608487,ops,v4.1-flash @ OpenCode Go,deepseek-v4.1-flash@opencode-go,primary,1,pass,✓ 5/5,
amber-commandcode/results/2026-W37.md,Full matrix (same-name cross-vendor),A-be92627f,verify,v4.1-flash-exp 预览 @ 官方,deepseek-v4.1-flash-exp@deepseek-official,primary,1,fail,✗ 4/9,
amber-commandcode/results/2026-W37.md,Full matrix (same-name cross-vendor),A-be92627f,verify,v4.1-flash @ CommandCode,deepseek-v4.1-flash@commandcode,primary,0,fail,✗ 8/9,
amber-commandcode/results/2026-W37.md,Full matrix (same-name cross-vendor),A-be92627f,verify,v4.1-flash @ OpenCode Go,deepseek-v4.1-flash@opencode-go,primary,1,fail,✗ 7/9,
amber-commandcode/results/2026-W37.md,Full matrix (same-name cross-vendor),A-cdc3d11a,review,v4.1-flash-exp 预览 @ 官方,deepseek-v4.1-flash-exp@deepseek-official,primary,1,fail,✗ -2,
amber-commandcode/results/2026-W37.md,Full matrix (same-name cross-vendor),A-cdc3d11a,review,v4.1-flash @ CommandCode,deepseek-v4.1-flash@commandcode,primary,0,fail,✗ -2,
amber-commandcode/results/2026-W37.md,Full matrix (same-name cross-vendor),A-cdc3d11a,review,v4.1-flash @ OpenCode Go,deepseek-v4.1-flash@opencode-go,primary,1,fail,✗ -2,
amber-commandcode/results/2026-W37.md,Full matrix (same-name cross-vendor),A-d511f9e8,verify,v4.1-flash-exp 预览 @ 官方,deepseek-v4.1-flash-exp@deepseek-official,primary,1,fail,✗ 4/12,
amber-commandcode/results/2026-W37.md,Full matrix (same-name cross-vendor),A-d511f9e8,verify,v4.1-flash @ CommandCode,deepseek-v4.1-flash@commandcode,primary,0,fail,✗ 4/12,
amber-commandcode/results/2026-W37.md,Full matrix (same-name cross-vendor),A-d511f9e8,verify,v4.1-flash @ OpenCode Go,deepseek-v4.1-flash@opencode-go,primary,1,fail,✗ 4/12,
amber-commandcode/results/2026-W37.md,Full matrix (same-name cross-vendor),A-d9b79b46,ui-build,v4.1-flash-exp 预览 @ 官方,deepseek-v4.1-flash-exp@deepseek-official,primary,1,fail,✗,
amber-commandcode/results/2026-W37.md,Full matrix (same-name cross-vendor),A-d9b79b46,ui-build,v4.1-flash @ CommandCode,deepseek-v4.1-flash@commandcode,primary,0,pass,✓ 12/12,
amber-commandcode/results/2026-W37.md,Full matrix (same-name cross-vendor),A-d9b79b46,ui-build,v4.1-flash @ OpenCode Go,deepseek-v4.1-flash@opencode-go,primary,1,fail,✗ 未交付,
amber-commandcode/results/2026-W37.md,Full matrix (same-name cross-vendor),A-ea80d793,vision,v4.1-flash-exp 预览 @ 官方,deepseek-v4.1-flash-exp@deepseek-official,primary,1,fail,✗ -1.0(1/5),
amber-commandcode/results/2026-W37.md,Full matrix (same-name cross-vendor),A-ea80d793,vision,v4.1-flash @ CommandCode,deepseek-v4.1-flash@commandcode,primary,0,fail,✗ -1.0,
amber-commandcode/results/2026-W37.md,Full matrix (same-name cross-vendor),A-ea80d793,vision,v4.1-flash @ OpenCode Go,deepseek-v4.1-flash@opencode-go,primary,1,fail,✗ -2,
amber-crof/results/2026-W36.md,Full matrix,A-0676097b,req-drift,d4fv,deepseek-v4-flash-vision-exp@crof,primary,0,fail,✗ 2/4,
amber-crof/results/2026-W36.md,Full matrix,A-0676097b,req-drift,d4f,deepseek-v4-flash:0731@crof,primary,0,pass,✓ 4/4,
amber-crof/results/2026-W36.md,Full matrix,A-0676097b,req-drift,g53f,glm-5.3-flash@crof,primary,0,pass,✓ 4/4,
amber-crof/results/2026-W36.md,Full matrix,A-0676097b,req-drift,q35,qwen3.5-9b@crof,primary,0,fail,✗ 1/4,
amber-crof/results/2026-W36.md,Full matrix,A-0676097b,req-drift,q38,qwen3.8-27b@crof,primary,0,pass,✓ 4/4,
amber-crof/results/2026-W36.md,Full matrix,A-13854d9d,text,d4fv,deepseek-v4-flash-vision-exp@crof,primary,0,pass,✓ 5/5,
amber-crof/results/2026-W36.md,Full matrix,A-13854d9d,text,d4f,deepseek-v4-flash:0731@crof,primary,0,pass,✓ 5/5,
amber-crof/results/2026-W36.md,Full matrix,A-13854d9d,text,g53f,glm-5.3-flash@crof,primary,0,pass,✓ 5/5,
amber-crof/results/2026-W36.md,Full matrix,A-13854d9d,text,q35,qwen3.5-9b@crof,primary,0,fail,✗ 4/5,
amber-crof/results/2026-W36.md,Full matrix,A-13854d9d,text,q38,qwen3.8-27b@crof,primary,0,pass,✓ 5/5,
amber-crof/results/2026-W36.md,Full matrix,A-1fd3683a,text,d4fv,deepseek-v4-flash-vision-exp@crof,primary,0,pass,✓ 2/2,
amber-crof/results/2026-W36.md,Full matrix,A-1fd3683a,text,d4f,deepseek-v4-flash:0731@crof,primary,0,pass,✓ 2/2,
amber-crof/results/2026-W36.md,Full matrix,A-1fd3683a,text,g53f,glm-5.3-flash@crof,primary,0,fail,✗ exec,
amber-crof/results/2026-W36.md,Full matrix,A-1fd3683a,text,q35,qwen3.5-9b@crof,primary,0,fail,✗ 1/2,
amber-crof/results/2026-W36.md,Full matrix,A-1fd3683a,text,q38,qwen3.8-27b@crof,primary,0,pass,✓ 2/2,
amber-crof/results/2026-W36.md,Full matrix,A-24bcf707,ops,d4fv,deepseek-v4-flash-vision-exp@crof,primary,0,pass,✓,
amber-crof/results/2026-W36.md,Full matrix,A-24bcf707,ops,d4f,deepseek-v4-flash:0731@crof,primary,0,pass,✓,
amber-crof/results/2026-W36.md,Full matrix,A-24bcf707,ops,g53f,glm-5.3-flash@crof,primary,0,pass,✓,
amber-crof/results/2026-W36.md,Full matrix,A-24bcf707,ops,q35,qwen3.5-9b@crof,primary,0,pass,✓,
amber-crof/results/2026-W36.md,Full matrix,A-24bcf707,ops,q38,qwen3.8-27b@crof,primary,0,pass,✓,
amber-crof/results/2026-W36.md,Full matrix,A-442d4aab,build,d4fv,deepseek-v4-flash-vision-exp@crof,primary,0,pass,✓ 7/7,
amber-crof/results/2026-W36.md,Full matrix,A-442d4aab,build,d4f,deepseek-v4-flash:0731@crof,primary,0,pass,✓ 7/7,
amber-crof/results/2026-W36.md,Full matrix,A-442d4aab,build,g53f,glm-5.3-flash@crof,primary,0,fail,✗ 1/7,
amber-crof/results/2026-W36.md,Full matrix,A-442d4aab,build,q35,qwen3.5-9b@crof,primary,0,pass,✓ 7/7,
amber-crof/results/2026-W36.md,Full matrix,A-442d4aab,build,q38,qwen3.8-27b@crof,primary,0,pass,✓ 7/7,
amber-crof/results/2026-W36.md,Full matrix,A-47eea242,review,d4fv,deepseek-v4-flash-vision-exp@crof,primary,0,pass,✓ 3,
amber-crof/results/2026-W36.md,Full matrix,A-47eea242,review,d4f,deepseek-v4-flash:0731@crof,primary,0,pass,✓ 3,
amber-crof/results/2026-W36.md,Full matrix,A-47eea242,review,g53f,glm-5.3-flash@crof,primary,0,pass,✓ 3,
amber-crof/results/2026-W36.md,Full matrix,A-47eea242,review,q35,qwen3.5-9b@crof,primary,0,pass,✓ 3,
amber-crof/results/2026-W36.md,Full matrix,A-47eea242,review,q38,qwen3.8-27b@crof,primary,0,pass,✓ 4,
amber-crof/results/2026-W36.md,Full matrix,A-569dbe0d,build,d4fv,deepseek-v4-flash-vision-exp@crof,primary,0,pass,✓ 10/10,
amber-crof/results/2026-W36.md,Full matrix,A-569dbe0d,build,d4f,deepseek-v4-flash:0731@crof,primary,0,pass,✓ 10/10,
amber-crof/results/2026-W36.md,Full matrix,A-569dbe0d,build,g53f,glm-5.3-flash@crof,primary,0,pass,✓ 10/10,
amber-crof/results/2026-W36.md,Full matrix,A-569dbe0d,build,q35,qwen3.5-9b@crof,primary,0,pass,✓ 10/10,
amber-crof/results/2026-W36.md,Full matrix,A-569dbe0d,build,q38,qwen3.8-27b@crof,primary,0,pass,✓ 10/10,
amber-crof/results/2026-W36.md,Full matrix,A-61f7ad01,build,d4fv,deepseek-v4-flash-vision-exp@crof,primary,0,pass,✓ 7/7,
amber-crof/results/2026-W36.md,Full matrix,A-61f7ad01,build,d4f,deepseek-v4-flash:0731@crof,primary,0,fail,✗ 5/7,
amber-crof/results/2026-W36.md,Full matrix,A-61f7ad01,build,g53f,glm-5.3-flash@crof,primary,0,pass,✓ 7/7,
amber-crof/results/2026-W36.md,Full matrix,A-61f7ad01,build,q35,qwen3.5-9b@crof,primary,0,pass,✓ 7/7,
amber-crof/results/2026-W36.md,Full matrix,A-61f7ad01,build,q38,qwen3.8-27b@crof,primary,0,pass,✓ 7/7,
amber-crof/results/2026-W36.md,Full matrix,A-641195e2,build,d4fv,deepseek-v4-flash-vision-exp@crof,primary,0,pass,✓ 8/8,
amber-crof/results/2026-W36.md,Full matrix,A-641195e2,build,d4f,deepseek-v4-flash:0731@crof,primary,0,pass,✓ 8/8,
amber-crof/results/2026-W36.md,Full matrix,A-641195e2,build,g53f,glm-5.3-flash@crof,primary,0,pass,✓ 8/8,
amber-crof/results/2026-W36.md,Full matrix,A-641195e2,build,q35,qwen3.5-9b@crof,primary,0,fail,✗ 3/8,
amber-crof/results/2026-W36.md,Full matrix,A-641195e2,build,q38,qwen3.8-27b@crof,primary,0,pass,✓ 8/8,
amber-crof/results/2026-W36.md,Full matrix,A-77d62143,build,d4fv,deepseek-v4-flash-vision-exp@crof,primary,0,pass,✓ 8/8,
amber-crof/results/2026-W36.md,Full matrix,A-77d62143,build,d4f,deepseek-v4-flash:0731@crof,primary,0,pass,✓ 8/8,
amber-crof/results/2026-W36.md,Full matrix,A-77d62143,build,g53f,glm-5.3-flash@crof,primary,0,pass,✓ 8/8,
amber-crof/results/2026-W36.md,Full matrix,A-77d62143,build,q35,qwen3.5-9b@crof,primary,0,pass,✓ 8/8,
amber-crof/results/2026-W36.md,Full matrix,A-77d62143,build,q38,qwen3.8-27b@crof,primary,0,pass,✓ 8/8,
amber-crof/results/2026-W36.md,Full matrix,A-791e90ac,text,d4fv,deepseek-v4-flash-vision-exp@crof,primary,0,pass,✓ 6/6,
amber-crof/results/2026-W36.md,Full matrix,A-791e90ac,text,d4f,deepseek-v4-flash:0731@crof,primary,0,pass,✓ 6/6,
amber-crof/results/2026-W36.md,Full matrix,A-791e90ac,text,g53f,glm-5.3-flash@crof,primary,0,pass,✓ 6/6,
amber-crof/results/2026-W36.md,Full matrix,A-791e90ac,text,q35,qwen3.5-9b@crof,primary,0,pass,✓ 6/6,
amber-crof/results/2026-W36.md,Full matrix,A-791e90ac,text,q38,qwen3.8-27b@crof,primary,0,pass,✓ 6/6,
amber-crof/results/2026-W36.md,Full matrix,A-87c472cb,build,d4fv,deepseek-v4-flash-vision-exp@crof,primary,0,fail,✗ 6/8,
amber-crof/results/2026-W36.md,Full matrix,A-87c472cb,build,d4f,deepseek-v4-flash:0731@crof,primary,0,fail,✗ 6/8,
amber-crof/results/2026-W36.md,Full matrix,A-87c472cb,build,g53f,glm-5.3-flash@crof,primary,0,fail,✗ 6/8,
amber-crof/results/2026-W36.md,Full matrix,A-87c472cb,build,q35,qwen3.5-9b@crof,primary,0,fail,✗ 6/8,
amber-crof/results/2026-W36.md,Full matrix,A-87c472cb,build,q38,qwen3.8-27b@crof,primary,0,fail,✗ 6/8,
amber-crof/results/2026-W36.md,Full matrix,A-8d4bc770,ops,d4fv,deepseek-v4-flash-vision-exp@crof,primary,0,pass,✓,
amber-crof/results/2026-W36.md,Full matrix,A-8d4bc770,ops,d4f,deepseek-v4-flash:0731@crof,primary,0,pass,✓,
amber-crof/results/2026-W36.md,Full matrix,A-8d4bc770,ops,g53f,glm-5.3-flash@crof,primary,0,pass,✓,
amber-crof/results/2026-W36.md,Full matrix,A-8d4bc770,ops,q35,qwen3.5-9b@crof,primary,0,pass,✓,
amber-crof/results/2026-W36.md,Full matrix,A-8d4bc770,ops,q38,qwen3.8-27b@crof,primary,0,pass,✓,
amber-crof/results/2026-W36.md,Full matrix,A-984e80ee,ops,d4fv,deepseek-v4-flash-vision-exp@crof,primary,0,fail,✗,
amber-crof/results/2026-W36.md,Full matrix,A-984e80ee,ops,d4f,deepseek-v4-flash:0731@crof,primary,0,pass,✓,
amber-crof/results/2026-W36.md,Full matrix,A-984e80ee,ops,g53f,glm-5.3-flash@crof,primary,0,pass,✓,
amber-crof/results/2026-W36.md,Full matrix,A-984e80ee,ops,q35,qwen3.5-9b@crof,primary,0,invalid_or_pending,∅,model_delivery_budget_burn
amber-crof/results/2026-W36.md,Full matrix,A-984e80ee,ops,q38,qwen3.8-27b@crof,primary,0,pass,✓,
amber-crof/results/2026-W36.md,Full matrix,A-a317e74b,verify,d4fv,deepseek-v4-flash-vision-exp@crof,primary,0,fail,✗ 7/15,
amber-crof/results/2026-W36.md,Full matrix,A-a317e74b,verify,d4f,deepseek-v4-flash:0731@crof,primary,0,fail,✗ 9/15,
amber-crof/results/2026-W36.md,Full matrix,A-a317e74b,verify,g53f,glm-5.3-flash@crof,primary,0,fail,✗ 8/15,
amber-crof/results/2026-W36.md,Full matrix,A-a317e74b,verify,q35,qwen3.5-9b@crof,primary,0,fail,✗ 7/15,
amber-crof/results/2026-W36.md,Full matrix,A-a317e74b,verify,q38,qwen3.8-27b@crof,primary,0,pass,✓ 15/15,
amber-crof/results/2026-W36.md,Full matrix,A-a5608487,ops,d4fv,deepseek-v4-flash-vision-exp@crof,primary,0,pass,✓,
amber-crof/results/2026-W36.md,Full matrix,A-a5608487,ops,d4f,deepseek-v4-flash:0731@crof,primary,0,pass,✓,
amber-crof/results/2026-W36.md,Full matrix,A-a5608487,ops,g53f,glm-5.3-flash@crof,primary,0,pass,✓,
amber-crof/results/2026-W36.md,Full matrix,A-a5608487,ops,q35,qwen3.5-9b@crof,primary,0,fail,✗,
amber-crof/results/2026-W36.md,Full matrix,A-a5608487,ops,q38,qwen3.8-27b@crof,primary,0,fail,✗,
amber-crof/results/2026-W36.md,Full matrix,A-be92627f,verify,d4fv,deepseek-v4-flash-vision-exp@crof,primary,0,fail,✗ 0/9,
amber-crof/results/2026-W36.md,Full matrix,A-be92627f,verify,d4f,deepseek-v4-flash:0731@crof,primary,0,fail,✗ 4/9,
amber-crof/results/2026-W36.md,Full matrix,A-be92627f,verify,g53f,glm-5.3-flash@crof,primary,0,fail,✗ 4/9,
amber-crof/results/2026-W36.md,Full matrix,A-be92627f,verify,q35,qwen3.5-9b@crof,primary,0,fail,✗ 1/9,
amber-crof/results/2026-W36.md,Full matrix,A-be92627f,verify,q38,qwen3.8-27b@crof,primary,0,fail,✗ 3/9,
amber-crof/results/2026-W36.md,Full matrix,A-cdc3d11a,review,d4fv,deepseek-v4-flash-vision-exp@crof,primary,0,fail,✗ 0,
amber-crof/results/2026-W36.md,Full matrix,A-cdc3d11a,review,d4f,deepseek-v4-flash:0731@crof,primary,0,fail,✗ -12,
amber-crof/results/2026-W36.md,Full matrix,A-cdc3d11a,review,g53f,glm-5.3-flash@crof,primary,0,fail,✗ -2,
amber-crof/results/2026-W36.md,Full matrix,A-cdc3d11a,review,q35,qwen3.5-9b@crof,primary,0,fail,✗ -3,
amber-crof/results/2026-W36.md,Full matrix,A-cdc3d11a,review,q38,qwen3.8-27b@crof,primary,0,fail,✗ -2,
amber-crof/results/2026-W36.md,Full matrix,A-d511f9e8,verify,d4fv,deepseek-v4-flash-vision-exp@crof,primary,0,fail,✗ 4/12,
amber-crof/results/2026-W36.md,Full matrix,A-d511f9e8,verify,d4f,deepseek-v4-flash:0731@crof,primary,0,fail,✗ 4/12,
amber-crof/results/2026-W36.md,Full matrix,A-d511f9e8,verify,g53f,glm-5.3-flash@crof,primary,0,fail,✗ 4/12,
amber-crof/results/2026-W36.md,Full matrix,A-d511f9e8,verify,q35,qwen3.5-9b@crof,primary,0,fail,✗ 4/12,
amber-crof/results/2026-W36.md,Full matrix,A-d511f9e8,verify,q38,qwen3.8-27b@crof,primary,0,fail,✗ 4/12,
amber-crof/results/2026-W36.md,Full matrix,A-d9b79b46,ui-build,d4fv,deepseek-v4-flash-vision-exp@crof,primary,0,fail,✗,
amber-crof/results/2026-W36.md,Full matrix,A-d9b79b46,ui-build,d4f,deepseek-v4-flash:0731@crof,primary,0,fail,✗,
amber-crof/results/2026-W36.md,Full matrix,A-d9b79b46,ui-build,g53f,glm-5.3-flash@crof,primary,0,pass,✓,
amber-crof/results/2026-W36.md,Full matrix,A-d9b79b46,ui-build,q35,qwen3.5-9b@crof,primary,0,fail,✗,
amber-crof/results/2026-W36.md,Full matrix,A-d9b79b46,ui-build,q38,qwen3.8-27b@crof,primary,0,fail,✗,
amber-crof/results/2026-W36.md,Full matrix,A-ea80d793,vision,d4fv,deepseek-v4-flash-vision-exp@crof,primary,0,fail,✗ -3,
amber-crof/results/2026-W36.md,Full matrix,A-ea80d793,vision,d4f,deepseek-v4-flash:0731@crof,primary,0,fail,✗ blank,
amber-crof/results/2026-W36.md,Full matrix,A-ea80d793,vision,g53f,glm-5.3-flash@crof,primary,0,fail,✗ -2,
amber-crof/results/2026-W36.md,Full matrix,A-ea80d793,vision,q35,qwen3.5-9b@crof,primary,0,fail,✗ -3,
amber-crof/results/2026-W36.md,Full matrix,A-ea80d793,vision,q38,qwen3.8-27b@crof,primary,0,fail,✗ -2,
amber-crof/results/2026-W37.md,Makeup matrix,A-6fbeb363,ops,d4f-0731,deepseek-v4-flash:0731@crof,makeup,0,pass,✓ 6/6,
amber-crof/results/2026-W37.md,Makeup matrix,A-6fbeb363,ops,glm-5.3-flash,glm-5.3-flash@crof,makeup,0,pass,✓ 6/6,
amber-crof/results/2026-W37.md,Makeup matrix,A-6fbeb363,ops,qwen3.8-27b,qwen3.8-27b@crof,makeup,0,pass,✓ 6/6,
amber-crof/results/2026-W37.md,Makeup matrix,A-8c909d0a,ops,d4f-0731,deepseek-v4-flash:0731@crof,makeup,0,pass,✓ 7/7,
amber-crof/results/2026-W37.md,Makeup matrix,A-8c909d0a,ops,glm-5.3-flash,glm-5.3-flash@crof,makeup,0,fail,✗ 6/7,
amber-crof/results/2026-W37.md,Makeup matrix,A-8c909d0a,ops,qwen3.8-27b,qwen3.8-27b@crof,makeup,0,pass,✓ 7/7,
amber-deepseek/results/2026-W37.md,Full matrix (same-family comparison),A-0676097b,req-drift,"deepseek-flash（官方 GA,W37）",deepseek-flash@deepseek-official,primary,0,pass,✓ 4/4,
amber-deepseek/results/2026-W37.md,Full matrix (same-family comparison),A-0676097b,req-drift,"d4f-0731(CrofAI,W36)",deepseek-v4-flash:0731@crof,primary,1,pass,✓ 4/4,
amber-deepseek/results/2026-W37.md,Full matrix (same-family comparison),A-0676097b,req-drift,"d4f:0731(Ollama,W36)",deepseek-v4-flash:0731@ollama,primary,1,pass,✓ 4/4,
amber-deepseek/results/2026-W37.md,Full matrix (same-family comparison),A-0676097b,req-drift,v4.1-flash-exp（官方，W37）,deepseek-v4.1-flash-exp@deepseek-official,primary,0,pass,✓ 4/4,
amber-deepseek/results/2026-W37.md,Full matrix (same-family comparison),A-13854d9d,text,"deepseek-flash（官方 GA,W37）",deepseek-flash@deepseek-official,primary,0,pass,✓ 5/5,
amber-deepseek/results/2026-W37.md,Full matrix (same-family comparison),A-13854d9d,text,"d4f-0731(CrofAI,W36)",deepseek-v4-flash:0731@crof,primary,1,pass,✓ 5/5,
amber-deepseek/results/2026-W37.md,Full matrix (same-family comparison),A-13854d9d,text,"d4f:0731(Ollama,W36)",deepseek-v4-flash:0731@ollama,primary,1,pass,✓ 5/5,
amber-deepseek/results/2026-W37.md,Full matrix (same-family comparison),A-13854d9d,text,v4.1-flash-exp（官方，W37）,deepseek-v4.1-flash-exp@deepseek-official,primary,0,pass,✓ 5/5,
amber-deepseek/results/2026-W37.md,Full matrix (same-family comparison),A-1fd3683a,text,"deepseek-flash（官方 GA,W37）",deepseek-flash@deepseek-official,primary,0,pass,✓ 2/2,
amber-deepseek/results/2026-W37.md,Full matrix (same-family comparison),A-1fd3683a,text,"d4f-0731(CrofAI,W36)",deepseek-v4-flash:0731@crof,primary,1,pass,✓ 2/2,
amber-deepseek/results/2026-W37.md,Full matrix (same-family comparison),A-1fd3683a,text,"d4f:0731(Ollama,W36)",deepseek-v4-flash:0731@ollama,primary,1,pass,✓ 2/2,
amber-deepseek/results/2026-W37.md,Full matrix (same-family comparison),A-1fd3683a,text,v4.1-flash-exp（官方，W37）,deepseek-v4.1-flash-exp@deepseek-official,primary,0,pass,✓ 2/2,
amber-deepseek/results/2026-W37.md,Full matrix (same-family comparison),A-24bcf707,ops,"deepseek-flash（官方 GA,W37）",deepseek-flash@deepseek-official,primary,0,pass,✓ 5/5,
amber-deepseek/results/2026-W37.md,Full matrix (same-family comparison),A-24bcf707,ops,"d4f-0731(CrofAI,W36)",deepseek-v4-flash:0731@crof,primary,1,pass,✓,
amber-deepseek/results/2026-W37.md,Full matrix (same-family comparison),A-24bcf707,ops,"d4f:0731(Ollama,W36)",deepseek-v4-flash:0731@ollama,primary,1,pass,✓,
amber-deepseek/results/2026-W37.md,Full matrix (same-family comparison),A-24bcf707,ops,v4.1-flash-exp（官方，W37）,deepseek-v4.1-flash-exp@deepseek-official,primary,0,pass,✓ 5/5,
amber-deepseek/results/2026-W37.md,Full matrix (same-family comparison),A-442d4aab,build,"deepseek-flash（官方 GA,W37）",deepseek-flash@deepseek-official,primary,0,pass,✓ 7/7,
amber-deepseek/results/2026-W37.md,Addendum signature matrix,A-442d4aab,,正代 2026-09-10,deepseek-flash@deepseek-official,primary,1,pass,✓ 7/7,
amber-deepseek/results/2026-W37.md,Full matrix (same-family comparison),A-442d4aab,build,"d4f-0731(CrofAI,W36)",deepseek-v4-flash:0731@crof,primary,1,pass,✓ 7/7,
amber-deepseek/results/2026-W37.md,Full matrix (same-family comparison),A-442d4aab,build,"d4f:0731(Ollama,W36)",deepseek-v4-flash:0731@ollama,primary,1,pass,✓ 7/7,
amber-deepseek/results/2026-W37.md,Full matrix (same-family comparison),A-442d4aab,build,v4.1-flash-exp（官方，W37）,deepseek-v4.1-flash-exp@deepseek-official,primary,0,pass,✓ 7/7,
amber-deepseek/results/2026-W37.md,Addendum signature matrix,A-442d4aab,,预览版 W37,deepseek-v4.1-flash-exp@deepseek-official,primary,1,pass,✓ 7/7,
amber-deepseek/results/2026-W37.md,Full matrix (same-family comparison),A-47eea242,review,"deepseek-flash（官方 GA,W37）",deepseek-flash@deepseek-official,primary,0,pass,✓ 3,
amber-deepseek/results/2026-W37.md,Full matrix (same-family comparison),A-47eea242,review,"d4f-0731(CrofAI,W36)",deepseek-v4-flash:0731@crof,primary,1,pass,✓ 3,
amber-deepseek/results/2026-W37.md,Full matrix (same-family comparison),A-47eea242,review,"d4f:0731(Ollama,W36)",deepseek-v4-flash:0731@ollama,primary,1,pass,✓ 2,
amber-deepseek/results/2026-W37.md,Full matrix (same-family comparison),A-47eea242,review,v4.1-flash-exp（官方，W37）,deepseek-v4.1-flash-exp@deepseek-official,primary,0,fail,✗ 1,
amber-deepseek/results/2026-W37.md,Full matrix (same-family comparison),A-569dbe0d,build,"deepseek-flash（官方 GA,W37）",deepseek-flash@deepseek-official,primary,0,pass,✓ 10/10,
amber-deepseek/results/2026-W37.md,Full matrix (same-family comparison),A-569dbe0d,build,"d4f-0731(CrofAI,W36)",deepseek-v4-flash:0731@crof,primary,1,pass,✓ 10/10,
amber-deepseek/results/2026-W37.md,Full matrix (same-family comparison),A-569dbe0d,build,"d4f:0731(Ollama,W36)",deepseek-v4-flash:0731@ollama,primary,1,pass,✓ 10/10,
amber-deepseek/results/2026-W37.md,Full matrix (same-family comparison),A-569dbe0d,build,v4.1-flash-exp（官方，W37）,deepseek-v4.1-flash-exp@deepseek-official,primary,0,pass,✓ 10/10,
amber-deepseek/results/2026-W37.md,Full matrix (same-family comparison),A-61f7ad01,build,"deepseek-flash（官方 GA,W37）",deepseek-flash@deepseek-official,primary,0,pass,✓ 7/7,
amber-deepseek/results/2026-W37.md,Addendum signature matrix,A-61f7ad01,,正代 2026-09-10,deepseek-flash@deepseek-official,primary,1,pass,✓ 7/7,
amber-deepseek/results/2026-W37.md,Full matrix (same-family comparison),A-61f7ad01,build,"d4f-0731(CrofAI,W36)",deepseek-v4-flash:0731@crof,primary,1,fail,✗ 5/7,
amber-deepseek/results/2026-W37.md,Full matrix (same-family comparison),A-61f7ad01,build,"d4f:0731(Ollama,W36)",deepseek-v4-flash:0731@ollama,primary,1,pass,✓ 7/7,
amber-deepseek/results/2026-W37.md,Full matrix (same-family comparison),A-61f7ad01,build,v4.1-flash-exp（官方，W37）,deepseek-v4.1-flash-exp@deepseek-official,primary,0,pass,✓ 7/7,
amber-deepseek/results/2026-W37.md,Addendum signature matrix,A-61f7ad01,,预览版 W37,deepseek-v4.1-flash-exp@deepseek-official,primary,1,pass,✓ 7/7,
amber-deepseek/results/2026-W37.md,Full matrix (same-family comparison),A-641195e2,build,"deepseek-flash（官方 GA,W37）",deepseek-flash@deepseek-official,primary,0,pass,✓ 8/8,
amber-deepseek/results/2026-W37.md,Full matrix (same-family comparison),A-641195e2,build,"d4f-0731(CrofAI,W36)",deepseek-v4-flash:0731@crof,primary,1,pass,✓ 8/8,
amber-deepseek/results/2026-W37.md,Full matrix (same-family comparison),A-641195e2,build,"d4f:0731(Ollama,W36)",deepseek-v4-flash:0731@ollama,primary,1,pass,✓ 8/8,
amber-deepseek/results/2026-W37.md,Full matrix (same-family comparison),A-641195e2,build,v4.1-flash-exp（官方，W37）,deepseek-v4.1-flash-exp@deepseek-official,primary,0,pass,✓ 8/8,
amber-deepseek/results/2026-W37.md,Full matrix (same-family comparison),A-6fbeb363,ops,"deepseek-flash（官方 GA,W37）",deepseek-flash@deepseek-official,primary,0,pass,✓ 6/6,
amber-deepseek/results/2026-W37.md,Full matrix (same-family comparison),A-6fbeb363,ops,"d4f-0731(CrofAI,W36)",deepseek-v4-flash:0731@crof,primary,1,missing,—,
amber-deepseek/results/2026-W37.md,Full matrix (same-family comparison),A-6fbeb363,ops,"d4f:0731(Ollama,W36)",deepseek-v4-flash:0731@ollama,primary,1,missing,—,
amber-deepseek/results/2026-W37.md,Full matrix (same-family comparison),A-6fbeb363,ops,v4.1-flash-exp（官方，W37）,deepseek-v4.1-flash-exp@deepseek-official,primary,0,pass,✓ 6/6,
amber-deepseek/results/2026-W37.md,Full matrix (same-family comparison),A-77d62143,build,"deepseek-flash（官方 GA,W37）",deepseek-flash@deepseek-official,primary,0,pass,✓ 8/8,
amber-deepseek/results/2026-W37.md,Full matrix (same-family comparison),A-77d62143,build,"d4f-0731(CrofAI,W36)",deepseek-v4-flash:0731@crof,primary,1,pass,✓ 8/8,
amber-deepseek/results/2026-W37.md,Full matrix (same-family comparison),A-77d62143,build,"d4f:0731(Ollama,W36)",deepseek-v4-flash:0731@ollama,primary,1,pass,✓ 8/8,
amber-deepseek/results/2026-W37.md,Full matrix (same-family comparison),A-77d62143,build,v4.1-flash-exp（官方，W37）,deepseek-v4.1-flash-exp@deepseek-official,primary,0,pass,✓ 8/8,
amber-deepseek/results/2026-W37.md,Full matrix (same-family comparison),A-791e90ac,text,"deepseek-flash（官方 GA,W37）",deepseek-flash@deepseek-official,primary,0,pass,✓ 6/6,
amber-deepseek/results/2026-W37.md,Addendum signature matrix,A-791e90ac,,正代 2026-09-10,deepseek-flash@deepseek-official,primary,1,pass,✓ 6/6（白卷病已修）,
amber-deepseek/results/2026-W37.md,Full matrix (same-family comparison),A-791e90ac,text,"d4f-0731(CrofAI,W36)",deepseek-v4-flash:0731@crof,primary,1,pass,✓ 6/6,
amber-deepseek/results/2026-W37.md,Full matrix (same-family comparison),A-791e90ac,text,"d4f:0731(Ollama,W36)",deepseek-v4-flash:0731@ollama,primary,1,pass,✓ 6/6,
amber-deepseek/results/2026-W37.md,Full matrix (same-family comparison),A-791e90ac,text,v4.1-flash-exp（官方，W37）,deepseek-v4.1-flash-exp@deepseek-official,primary,0,fail,✗ no code,
amber-deepseek/results/2026-W37.md,Addendum signature matrix,A-791e90ac,,预览版 W37,deepseek-v4.1-flash-exp@deepseek-official,primary,1,fail,✗ no code,
amber-deepseek/results/2026-W37.md,Full matrix (same-family comparison),A-87c472cb,build,"deepseek-flash（官方 GA,W37）",deepseek-flash@deepseek-official,primary,0,fail,✗ 6/8,
amber-deepseek/results/2026-W37.md,Full matrix (same-family comparison),A-87c472cb,build,"d4f-0731(CrofAI,W36)",deepseek-v4-flash:0731@crof,primary,1,fail,✗ 6/8,
amber-deepseek/results/2026-W37.md,Full matrix (same-family comparison),A-87c472cb,build,"d4f:0731(Ollama,W36)",deepseek-v4-flash:0731@ollama,primary,1,fail,✗ 6/8,
amber-deepseek/results/2026-W37.md,Full matrix (same-family comparison),A-87c472cb,build,v4.1-flash-exp（官方，W37）,deepseek-v4.1-flash-exp@deepseek-official,primary,0,fail,✗ 6/8,
amber-deepseek/results/2026-W37.md,Full matrix (same-family comparison),A-8c909d0a,ops,"deepseek-flash（官方 GA,W37）",deepseek-flash@deepseek-official,primary,0,pass,✓ 7/7,
amber-deepseek/results/2026-W37.md,Full matrix (same-family comparison),A-8c909d0a,ops,"d4f-0731(CrofAI,W36)",deepseek-v4-flash:0731@crof,primary,1,missing,—,
amber-deepseek/results/2026-W37.md,Full matrix (same-family comparison),A-8c909d0a,ops,"d4f:0731(Ollama,W36)",deepseek-v4-flash:0731@ollama,primary,1,missing,—,
amber-deepseek/results/2026-W37.md,Full matrix (same-family comparison),A-8c909d0a,ops,v4.1-flash-exp（官方，W37）,deepseek-v4.1-flash-exp@deepseek-official,primary,0,pass,✓ 7/7,
amber-deepseek/results/2026-W37.md,Full matrix (same-family comparison),A-8d4bc770,ops,"deepseek-flash（官方 GA,W37）",deepseek-flash@deepseek-official,primary,0,pass,✓ 5/5,
amber-deepseek/results/2026-W37.md,Full matrix (same-family comparison),A-8d4bc770,ops,"d4f-0731(CrofAI,W36)",deepseek-v4-flash:0731@crof,primary,1,pass,✓,
amber-deepseek/results/2026-W37.md,Full matrix (same-family comparison),A-8d4bc770,ops,"d4f:0731(Ollama,W36)",deepseek-v4-flash:0731@ollama,primary,1,pass,✓,
amber-deepseek/results/2026-W37.md,Full matrix (same-family comparison),A-8d4bc770,ops,v4.1-flash-exp（官方，W37）,deepseek-v4.1-flash-exp@deepseek-official,primary,0,pass,✓ 5/5,
amber-deepseek/results/2026-W37.md,Full matrix (same-family comparison),A-984e80ee,ops,"deepseek-flash（官方 GA,W37）",deepseek-flash@deepseek-official,primary,0,pass,✓ 5/5,
amber-deepseek/results/2026-W37.md,Full matrix (same-family comparison),A-984e80ee,ops,"d4f-0731(CrofAI,W36)",deepseek-v4-flash:0731@crof,primary,1,pass,✓,
amber-deepseek/results/2026-W37.md,Full matrix (same-family comparison),A-984e80ee,ops,"d4f:0731(Ollama,W36)",deepseek-v4-flash:0731@ollama,primary,1,pass,✓,
amber-deepseek/results/2026-W37.md,Full matrix (same-family comparison),A-984e80ee,ops,v4.1-flash-exp（官方，W37）,deepseek-v4.1-flash-exp@deepseek-official,primary,0,pass,✓ 5/5,
amber-deepseek/results/2026-W37.md,Full matrix (same-family comparison),A-a317e74b,verify,"deepseek-flash（官方 GA,W37）",deepseek-flash@deepseek-official,primary,0,fail,✗ 7/15,
amber-deepseek/results/2026-W37.md,Full matrix (same-family comparison),A-a317e74b,verify,"d4f-0731(CrofAI,W36)",deepseek-v4-flash:0731@crof,primary,1,fail,✗ 9/15,
amber-deepseek/results/2026-W37.md,Full matrix (same-family comparison),A-a317e74b,verify,"d4f:0731(Ollama,W36)",deepseek-v4-flash:0731@ollama,primary,1,fail,✗ 14/15,
amber-deepseek/results/2026-W37.md,Full matrix (same-family comparison),A-a317e74b,verify,v4.1-flash-exp（官方，W37）,deepseek-v4.1-flash-exp@deepseek-official,primary,0,fail,✗ 7/15,
amber-deepseek/results/2026-W37.md,Full matrix (same-family comparison),A-a5608487,ops,"deepseek-flash（官方 GA,W37）",deepseek-flash@deepseek-official,primary,0,pass,✓ 5/5,
amber-deepseek/results/2026-W37.md,Full matrix (same-family comparison),A-a5608487,ops,"d4f-0731(CrofAI,W36)",deepseek-v4-flash:0731@crof,primary,1,pass,✓,
amber-deepseek/results/2026-W37.md,Full matrix (same-family comparison),A-a5608487,ops,"d4f:0731(Ollama,W36)",deepseek-v4-flash:0731@ollama,primary,1,fail,✗ 4/5,
amber-deepseek/results/2026-W37.md,Full matrix (same-family comparison),A-a5608487,ops,v4.1-flash-exp（官方，W37）,deepseek-v4.1-flash-exp@deepseek-official,primary,0,pass,✓ 5/5,
amber-deepseek/results/2026-W37.md,Full matrix (same-family comparison),A-be92627f,verify,"deepseek-flash（官方 GA,W37）",deepseek-flash@deepseek-official,primary,0,fail,✗ 4/9,
amber-deepseek/results/2026-W37.md,Full matrix (same-family comparison),A-be92627f,verify,"d4f-0731(CrofAI,W36)",deepseek-v4-flash:0731@crof,primary,1,fail,✗ 4/9,
amber-deepseek/results/2026-W37.md,Full matrix (same-family comparison),A-be92627f,verify,"d4f:0731(Ollama,W36)",deepseek-v4-flash:0731@ollama,primary,1,fail,✗ 7/9,
amber-deepseek/results/2026-W37.md,Full matrix (same-family comparison),A-be92627f,verify,v4.1-flash-exp（官方，W37）,deepseek-v4.1-flash-exp@deepseek-official,primary,0,fail,✗ 4/9,
amber-deepseek/results/2026-W37.md,Full matrix (same-family comparison),A-cdc3d11a,review,"deepseek-flash（官方 GA,W37）",deepseek-flash@deepseek-official,primary,0,fail,✗ -4,
amber-deepseek/results/2026-W37.md,Full matrix (same-family comparison),A-cdc3d11a,review,"d4f-0731(CrofAI,W36)",deepseek-v4-flash:0731@crof,primary,1,fail,✗ -12,
amber-deepseek/results/2026-W37.md,Full matrix (same-family comparison),A-cdc3d11a,review,"d4f:0731(Ollama,W36)",deepseek-v4-flash:0731@ollama,primary,1,fail,✗ -2,
amber-deepseek/results/2026-W37.md,Full matrix (same-family comparison),A-cdc3d11a,review,v4.1-flash-exp（官方，W37）,deepseek-v4.1-flash-exp@deepseek-official,primary,0,fail,✗ -2,
amber-deepseek/results/2026-W37.md,Full matrix (same-family comparison),A-d511f9e8,verify,"deepseek-flash（官方 GA,W37）",deepseek-flash@deepseek-official,primary,0,fail,✗ 4/12,
amber-deepseek/results/2026-W37.md,Full matrix (same-family comparison),A-d511f9e8,verify,"d4f-0731(CrofAI,W36)",deepseek-v4-flash:0731@crof,primary,1,fail,✗ 4/12,
amber-deepseek/results/2026-W37.md,Full matrix (same-family comparison),A-d511f9e8,verify,"d4f:0731(Ollama,W36)",deepseek-v4-flash:0731@ollama,primary,1,fail,✗ 4/12,
amber-deepseek/results/2026-W37.md,Full matrix (same-family comparison),A-d511f9e8,verify,v4.1-flash-exp（官方，W37）,deepseek-v4.1-flash-exp@deepseek-official,primary,0,fail,✗ 4/12,
amber-deepseek/results/2026-W37.md,Full matrix (same-family comparison),A-d9b79b46,ui-build,"deepseek-flash（官方 GA,W37）",deepseek-flash@deepseek-official,primary,0,fail,✗ 未交付,
amber-deepseek/results/2026-W37.md,Full matrix (same-family comparison),A-d9b79b46,ui-build,"d4f-0731(CrofAI,W36)",deepseek-v4-flash:0731@crof,primary,1,fail,✗,
amber-deepseek/results/2026-W37.md,Full matrix (same-family comparison),A-d9b79b46,ui-build,"d4f:0731(Ollama,W36)",deepseek-v4-flash:0731@ollama,primary,1,fail,✗,
amber-deepseek/results/2026-W37.md,Full matrix (same-family comparison),A-d9b79b46,ui-build,v4.1-flash-exp（官方，W37）,deepseek-v4.1-flash-exp@deepseek-official,primary,0,fail,✗,
amber-deepseek/results/2026-W37.md,Full matrix (same-family comparison),A-ea80d793,vision,"deepseek-flash（官方 GA,W37）",deepseek-flash@deepseek-official,primary,0,fail,✗ -2(0/5),
amber-deepseek/results/2026-W37.md,Full matrix (same-family comparison),A-ea80d793,vision,"d4f-0731(CrofAI,W36)",deepseek-v4-flash:0731@crof,primary,1,fail,✗ blank,
amber-deepseek/results/2026-W37.md,Full matrix (same-family comparison),A-ea80d793,vision,"d4f:0731(Ollama,W36)",deepseek-v4-flash:0731@ollama,primary,1,fail,✗ -2,
amber-deepseek/results/2026-W37.md,Full matrix (same-family comparison),A-ea80d793,vision,v4.1-flash-exp（官方，W37）,deepseek-v4.1-flash-exp@deepseek-official,primary,0,fail,✗ -1.0(1/5),
amber-devin/results/2026-W37.md,Full matrix,A-0676097b,req-drift,glm-5-2,glm-5-2@devin,primary,0,fail,✗ 0/4 ∅,
amber-devin/results/2026-W37.md,Full matrix,A-0676097b,req-drift,swe-1-7-medium,swe-1-7-medium@devin,primary,0,fail,✗ 3/4,
amber-devin/results/2026-W37.md,Full matrix,A-0676097b,req-drift,swe-2-high,swe-2-high@devin,primary,0,pass,✓ 4/4,
amber-devin/results/2026-W37.md,Full matrix,A-0676097b,req-drift,swe-2-low,swe-2-high@devin,rerun,1,pass,✓ 4/4,
amber-devin/results/2026-W37.md,Full matrix,A-0676097b,req-drift,swe-2-max,swe-2-max@devin,primary,0,pass,✓ 4/4,
amber-devin/results/2026-W37.md,Full matrix,A-0676097b,req-drift,swe-2-medium,swe-2-medium@devin,primary,0,pass,✓ 4/4,
amber-devin/results/2026-W37.md,Full matrix,A-13854d9d,text,glm-5-2,glm-5-2@devin,primary,0,pass,✓ 5/5,
amber-devin/results/2026-W37.md,Full matrix,A-13854d9d,text,swe-1-7-medium,swe-1-7-medium@devin,primary,0,pass,✓ 5/5,
amber-devin/results/2026-W37.md,Full matrix,A-13854d9d,text,swe-2-high,swe-2-high@devin,primary,0,pass,✓ 5/5,
amber-devin/results/2026-W37.md,Full matrix,A-13854d9d,text,swe-2-low,swe-2-high@devin,rerun,1,pass,✓ 5/5,
amber-devin/results/2026-W37.md,Full matrix,A-13854d9d,text,swe-2-max,swe-2-max@devin,primary,0,pass,✓ 5/5,
amber-devin/results/2026-W37.md,Full matrix,A-13854d9d,text,swe-2-medium,swe-2-medium@devin,primary,0,pass,✓ 5/5,
amber-devin/results/2026-W37.md,Full matrix,A-1fd3683a,text,glm-5-2,glm-5-2@devin,primary,0,pass,✓ 2/2,
amber-devin/results/2026-W37.md,Full matrix,A-1fd3683a,text,swe-1-7-medium,swe-1-7-medium@devin,primary,0,pass,✓ 2/2,
amber-devin/results/2026-W37.md,Full matrix,A-1fd3683a,text,swe-2-high,swe-2-high@devin,primary,0,pass,✓ 2/2,
amber-devin/results/2026-W37.md,Full matrix,A-1fd3683a,text,swe-2-low,swe-2-high@devin,rerun,1,pass,✓ 2/2,
amber-devin/results/2026-W37.md,Full matrix,A-1fd3683a,text,swe-2-max,swe-2-max@devin,primary,0,pass,✓ 2/2,
amber-devin/results/2026-W37.md,Full matrix,A-1fd3683a,text,swe-2-medium,swe-2-medium@devin,primary,0,pass,✓ 2/2,
amber-devin/results/2026-W37.md,Full matrix,A-24bcf707,ops,glm-5-2,glm-5-2@devin,primary,0,fail,✗,
amber-devin/results/2026-W37.md,Full matrix,A-24bcf707,ops,swe-1-7-medium,swe-1-7-medium@devin,primary,0,fail,✗,
amber-devin/results/2026-W37.md,Full matrix,A-24bcf707,ops,swe-2-high,swe-2-high@devin,primary,0,pass,✓,
amber-devin/results/2026-W37.md,Full matrix,A-24bcf707,ops,swe-2-low,swe-2-high@devin,rerun,1,fail,✗,
amber-devin/results/2026-W37.md,Full matrix,A-24bcf707,ops,swe-2-max,swe-2-max@devin,primary,0,pass,✓,
amber-devin/results/2026-W37.md,Full matrix,A-24bcf707,ops,swe-2-medium,swe-2-medium@devin,primary,0,pass,✓,
amber-devin/results/2026-W37.md,Full matrix,A-442d4aab,build,glm-5-2,glm-5-2@devin,primary,0,fail,✗ 1/7,
amber-devin/results/2026-W37.md,Full matrix,A-442d4aab,build,swe-1-7-medium,swe-1-7-medium@devin,primary,0,pass,✓ 7/7,
amber-devin/results/2026-W37.md,Full matrix,A-442d4aab,build,swe-2-high,swe-2-high@devin,primary,0,pass,✓ 7/7,
amber-devin/results/2026-W37.md,Full matrix,A-442d4aab,build,swe-2-low,swe-2-high@devin,rerun,1,pass,✓ 7/7,
amber-devin/results/2026-W37.md,Full matrix,A-442d4aab,build,swe-2-max,swe-2-max@devin,primary,0,pass,✓ 7/7,
amber-devin/results/2026-W37.md,Full matrix,A-442d4aab,build,swe-2-medium,swe-2-medium@devin,primary,0,fail,✗ 1/7,
amber-devin/results/2026-W37.md,Full matrix,A-47eea242,review,glm-5-2,glm-5-2@devin,primary,0,pass,✓ 3,
amber-devin/results/2026-W37.md,Full matrix,A-47eea242,review,swe-1-7-medium,swe-1-7-medium@devin,primary,0,fail,✗ 1,
amber-devin/results/2026-W37.md,Full matrix,A-47eea242,review,swe-2-high,swe-2-high@devin,primary,0,pass,✓ 3,
amber-devin/results/2026-W37.md,Full matrix,A-47eea242,review,swe-2-low,swe-2-high@devin,rerun,1,pass,✓ 4,
amber-devin/results/2026-W37.md,Full matrix,A-47eea242,review,swe-2-max,swe-2-max@devin,primary,0,pass,✓ 3,
amber-devin/results/2026-W37.md,Full matrix,A-47eea242,review,swe-2-medium,swe-2-medium@devin,primary,0,pass,✓ 4,
amber-devin/results/2026-W37.md,Full matrix,A-569dbe0d,build,glm-5-2,glm-5-2@devin,primary,0,fail,✗ 3/10,
amber-devin/results/2026-W37.md,Full matrix,A-569dbe0d,build,swe-1-7-medium,swe-1-7-medium@devin,primary,0,pass,✓ 10/10,
amber-devin/results/2026-W37.md,Full matrix,A-569dbe0d,build,swe-2-high,swe-2-high@devin,primary,0,pass,✓ 10/10,
amber-devin/results/2026-W37.md,Full matrix,A-569dbe0d,build,swe-2-low,swe-2-high@devin,rerun,1,pass,✓ 10/10,
amber-devin/results/2026-W37.md,Full matrix,A-569dbe0d,build,swe-2-max,swe-2-max@devin,primary,0,pass,✓ 10/10,
amber-devin/results/2026-W37.md,Full matrix,A-569dbe0d,build,swe-2-medium,swe-2-medium@devin,primary,0,pass,✓ 10/10,
amber-devin/results/2026-W37.md,Full matrix,A-61f7ad01,build,glm-5-2,glm-5-2@devin,primary,0,pass,✓ 7/7,
amber-devin/results/2026-W37.md,Full matrix,A-61f7ad01,build,swe-1-7-medium,swe-1-7-medium@devin,primary,0,pass,✓ 7/7,
amber-devin/results/2026-W37.md,Full matrix,A-61f7ad01,build,swe-2-high,swe-2-high@devin,primary,0,pass,✓ 7/7,
amber-devin/results/2026-W37.md,Full matrix,A-61f7ad01,build,swe-2-low,swe-2-high@devin,rerun,1,pass,✓ 7/7,
amber-devin/results/2026-W37.md,Full matrix,A-61f7ad01,build,swe-2-max,swe-2-max@devin,primary,0,pass,✓ 7/7,
amber-devin/results/2026-W37.md,Full matrix,A-61f7ad01,build,swe-2-medium,swe-2-medium@devin,primary,0,pass,✓ 7/7,
amber-devin/results/2026-W37.md,Full matrix,A-641195e2,build,glm-5-2,glm-5-2@devin,primary,0,fail,✗ 1/8,
amber-devin/results/2026-W37.md,Full matrix,A-641195e2,build,swe-1-7-medium,swe-1-7-medium@devin,primary,0,pass,✓ 8/8,
amber-devin/results/2026-W37.md,Full matrix,A-641195e2,build,swe-2-high,swe-2-high@devin,primary,0,pass,✓ 8/8,
amber-devin/results/2026-W37.md,Full matrix,A-641195e2,build,swe-2-low,swe-2-high@devin,rerun,1,pass,✓ 8/8,
amber-devin/results/2026-W37.md,Full matrix,A-641195e2,build,swe-2-max,swe-2-max@devin,primary,0,pass,✓ 8/8,
amber-devin/results/2026-W37.md,Full matrix,A-641195e2,build,swe-2-medium,swe-2-medium@devin,primary,0,pass,✓ 8/8,
amber-devin/results/2026-W37.md,Full matrix,A-6fbeb363,ops,glm-5-2,glm-5-2@devin,primary,0,fail,✗ ∅,
amber-devin/results/2026-W37.md,Full matrix,A-6fbeb363,ops,swe-1-7-medium,swe-1-7-medium@devin,primary,0,pass,✓,
amber-devin/results/2026-W37.md,Full matrix,A-6fbeb363,ops,swe-2-high,swe-2-high@devin,primary,0,pass,✓,
amber-devin/results/2026-W37.md,Full matrix,A-6fbeb363,ops,swe-2-low,swe-2-high@devin,rerun,1,pass,✓,
amber-devin/results/2026-W37.md,Full matrix,A-6fbeb363,ops,swe-2-max,swe-2-max@devin,primary,0,pass,✓,
amber-devin/results/2026-W37.md,Full matrix,A-6fbeb363,ops,swe-2-medium,swe-2-medium@devin,primary,0,pass,✓,
amber-devin/results/2026-W37.md,Full matrix,A-77d62143,build,glm-5-2,glm-5-2@devin,primary,0,fail,✗ 3/8,
amber-devin/results/2026-W37.md,Full matrix,A-77d62143,build,swe-1-7-medium,swe-1-7-medium@devin,primary,0,pass,✓ 8/8,
amber-devin/results/2026-W37.md,Full matrix,A-77d62143,build,swe-2-high,swe-2-high@devin,primary,0,pass,✓ 8/8,
amber-devin/results/2026-W37.md,Full matrix,A-77d62143,build,swe-2-low,swe-2-high@devin,rerun,1,pass,✓ 8/8,
amber-devin/results/2026-W37.md,Full matrix,A-77d62143,build,swe-2-max,swe-2-max@devin,primary,0,pass,✓ 8/8,
amber-devin/results/2026-W37.md,Full matrix,A-77d62143,build,swe-2-medium,swe-2-medium@devin,primary,0,pass,✓ 8/8,
amber-devin/results/2026-W37.md,Full matrix,A-791e90ac,text,glm-5-2,glm-5-2@devin,primary,0,pass,✓ 6/6,
amber-devin/results/2026-W37.md,Full matrix,A-791e90ac,text,swe-1-7-medium,swe-1-7-medium@devin,primary,0,pass,✓ 6/6,
amber-devin/results/2026-W37.md,Full matrix,A-791e90ac,text,swe-2-high,swe-2-high@devin,primary,0,pass,✓ 6/6,
amber-devin/results/2026-W37.md,Full matrix,A-791e90ac,text,swe-2-low,swe-2-high@devin,rerun,1,pass,✓ 6/6,
amber-devin/results/2026-W37.md,Full matrix,A-791e90ac,text,swe-2-max,swe-2-max@devin,primary,0,pass,✓ 6/6,
amber-devin/results/2026-W37.md,Full matrix,A-791e90ac,text,swe-2-medium,swe-2-medium@devin,primary,0,pass,✓ 6/6,
amber-devin/results/2026-W37.md,Full matrix,A-87c472cb,build,glm-5-2,glm-5-2@devin,primary,0,fail,✗ 2/8,
amber-devin/results/2026-W37.md,Full matrix,A-87c472cb,build,swe-1-7-medium,swe-1-7-medium@devin,primary,0,fail,✗ 6/8,
amber-devin/results/2026-W37.md,Full matrix,A-87c472cb,build,swe-2-high,swe-2-high@devin,primary,0,fail,✗ 6/8,
amber-devin/results/2026-W37.md,Full matrix,A-87c472cb,build,swe-2-low,swe-2-high@devin,rerun,1,fail,✗ 6/8,
amber-devin/results/2026-W37.md,Full matrix,A-87c472cb,build,swe-2-max,swe-2-max@devin,primary,0,fail,✗ 6/8,
amber-devin/results/2026-W37.md,Full matrix,A-87c472cb,build,swe-2-medium,swe-2-medium@devin,primary,0,fail,✗ 6/8,
amber-devin/results/2026-W37.md,Full matrix,A-8c909d0a,ops,glm-5-2,glm-5-2@devin,primary,0,fail,✗ ∅,
amber-devin/results/2026-W37.md,Full matrix,A-8c909d0a,ops,swe-1-7-medium,swe-1-7-medium@devin,primary,0,pass,✓ (makeup),
amber-devin/results/2026-W37.md,Full matrix,A-8c909d0a,ops,swe-2-high,swe-2-high@devin,primary,0,pass,✓,
amber-devin/results/2026-W37.md,Full matrix,A-8c909d0a,ops,swe-2-low,swe-2-high@devin,rerun,1,pass,✓,
amber-devin/results/2026-W37.md,Full matrix,A-8c909d0a,ops,swe-2-max,swe-2-max@devin,primary,0,pass,✓,
amber-devin/results/2026-W37.md,Full matrix,A-8c909d0a,ops,swe-2-medium,swe-2-medium@devin,primary,0,pass,✓,
amber-devin/results/2026-W37.md,Full matrix,A-8d4bc770,ops,glm-5-2,glm-5-2@devin,primary,0,fail,✗,
amber-devin/results/2026-W37.md,Full matrix,A-8d4bc770,ops,swe-1-7-medium,swe-1-7-medium@devin,primary,0,fail,✗,
amber-devin/results/2026-W37.md,Full matrix,A-8d4bc770,ops,swe-2-high,swe-2-high@devin,primary,0,fail,✗,
amber-devin/results/2026-W37.md,Full matrix,A-8d4bc770,ops,swe-2-low,swe-2-high@devin,rerun,1,fail,✗,
amber-devin/results/2026-W37.md,Full matrix,A-8d4bc770,ops,swe-2-max,swe-2-max@devin,primary,0,pass,✓,
amber-devin/results/2026-W37.md,Full matrix,A-8d4bc770,ops,swe-2-medium,swe-2-medium@devin,primary,0,fail,✗,
amber-devin/results/2026-W37.md,Full matrix,A-984e80ee,ops,glm-5-2,glm-5-2@devin,primary,0,fail,✗,
amber-devin/results/2026-W37.md,Full matrix,A-984e80ee,ops,swe-1-7-medium,swe-1-7-medium@devin,primary,0,pass,✓,
amber-devin/results/2026-W37.md,Full matrix,A-984e80ee,ops,swe-2-high,swe-2-high@devin,primary,0,pass,✓,
amber-devin/results/2026-W37.md,Full matrix,A-984e80ee,ops,swe-2-low,swe-2-high@devin,rerun,1,pass,✓,
amber-devin/results/2026-W37.md,Full matrix,A-984e80ee,ops,swe-2-max,swe-2-max@devin,primary,0,pass,✓,
amber-devin/results/2026-W37.md,Full matrix,A-984e80ee,ops,swe-2-medium,swe-2-medium@devin,primary,0,pass,✓,
amber-devin/results/2026-W37.md,Full matrix,A-a317e74b,verify,glm-5-2,glm-5-2@devin,primary,0,fail,✗ 7/15,
amber-devin/results/2026-W37.md,Full matrix,A-a317e74b,verify,swe-1-7-medium,swe-1-7-medium@devin,primary,0,fail,✗ 13/15,
amber-devin/results/2026-W37.md,Full matrix,A-a317e74b,verify,swe-2-high,swe-2-high@devin,primary,0,fail,✗ 7/15,
amber-devin/results/2026-W37.md,Full matrix,A-a317e74b,verify,swe-2-low,swe-2-high@devin,rerun,1,fail,✗ 7/15 (makeup),
amber-devin/results/2026-W37.md,Full matrix,A-a317e74b,verify,swe-2-max,swe-2-max@devin,primary,0,invalid_or_pending,∅ （见 harness notes）,infrastructure_timeout_owed
amber-devin/results/2026-W37.md,Full matrix,A-a317e74b,verify,swe-2-medium,swe-2-medium@devin,primary,0,fail,✗ 0/15,
amber-devin/results/2026-W37.md,Full matrix,A-a5608487,ops,glm-5-2,glm-5-2@devin,primary,0,fail,✗,
amber-devin/results/2026-W37.md,Full matrix,A-a5608487,ops,swe-1-7-medium,swe-1-7-medium@devin,primary,0,pass,✓,
amber-devin/results/2026-W37.md,Full matrix,A-a5608487,ops,swe-2-high,swe-2-high@devin,primary,0,fail,✗,
amber-devin/results/2026-W37.md,Full matrix,A-a5608487,ops,swe-2-low,swe-2-high@devin,rerun,1,fail,✗,
amber-devin/results/2026-W37.md,Full matrix,A-a5608487,ops,swe-2-max,swe-2-max@devin,primary,0,pass,✓,
amber-devin/results/2026-W37.md,Full matrix,A-a5608487,ops,swe-2-medium,swe-2-medium@devin,primary,0,fail,✗,
amber-devin/results/2026-W37.md,Full matrix,A-be92627f,verify,glm-5-2,glm-5-2@devin,primary,0,fail,✗ 6/9,
amber-devin/results/2026-W37.md,Full matrix,A-be92627f,verify,swe-1-7-medium,swe-1-7-medium@devin,primary,0,fail,✗ 3/9,
amber-devin/results/2026-W37.md,Full matrix,A-be92627f,verify,swe-2-high,swe-2-high@devin,primary,0,fail,✗ 4/9,
amber-devin/results/2026-W37.md,Full matrix,A-be92627f,verify,swe-2-low,swe-2-high@devin,rerun,1,fail,✗ 4/9,
amber-devin/results/2026-W37.md,Full matrix,A-be92627f,verify,swe-2-max,swe-2-max@devin,primary,0,fail,✗ 4/9,
amber-devin/results/2026-W37.md,Full matrix,A-be92627f,verify,swe-2-medium,swe-2-medium@devin,primary,0,fail,✗ 4/9,
amber-devin/results/2026-W37.md,Full matrix,A-cdc3d11a,review,glm-5-2,glm-5-2@devin,primary,0,fail,✗ -4,
amber-devin/results/2026-W37.md,Full matrix,A-cdc3d11a,review,swe-1-7-medium,swe-1-7-medium@devin,primary,0,pass,✓ 1.0,
amber-devin/results/2026-W37.md,Full matrix,A-cdc3d11a,review,swe-2-high,swe-2-high@devin,primary,0,fail,✗ -3.0,
amber-devin/results/2026-W37.md,Full matrix,A-cdc3d11a,review,swe-2-low,swe-2-high@devin,rerun,1,fail,✗ 1.0,
amber-devin/results/2026-W37.md,Full matrix,A-cdc3d11a,review,swe-2-max,swe-2-max@devin,primary,0,fail,✗ -1.0,
amber-devin/results/2026-W37.md,Full matrix,A-cdc3d11a,review,swe-2-medium,swe-2-medium@devin,primary,0,fail,✗ -2,
amber-devin/results/2026-W37.md,Full matrix,A-d511f9e8,verify,glm-5-2,glm-5-2@devin,primary,0,fail,✗ 4/12,
amber-devin/results/2026-W37.md,Full matrix,A-d511f9e8,verify,swe-1-7-medium,swe-1-7-medium@devin,primary,0,fail,✗ 4/12,
amber-devin/results/2026-W37.md,Full matrix,A-d511f9e8,verify,swe-2-high,swe-2-high@devin,primary,0,fail,✗ 4/12,
amber-devin/results/2026-W37.md,Full matrix,A-d511f9e8,verify,swe-2-low,swe-2-high@devin,rerun,1,fail,✗ 4/12,
amber-devin/results/2026-W37.md,Full matrix,A-d511f9e8,verify,swe-2-max,swe-2-max@devin,primary,0,fail,✗ 4/12,
amber-devin/results/2026-W37.md,Full matrix,A-d511f9e8,verify,swe-2-medium,swe-2-medium@devin,primary,0,fail,✗ 4/12,
amber-devin/results/2026-W37.md,Full matrix,A-d9b79b46,ui-build,glm-5-2,glm-5-2@devin,primary,0,pass,✓,
amber-devin/results/2026-W37.md,Full matrix,A-d9b79b46,ui-build,swe-1-7-medium,swe-1-7-medium@devin,primary,0,fail,✗,
amber-devin/results/2026-W37.md,Full matrix,A-d9b79b46,ui-build,swe-2-high,swe-2-high@devin,primary,0,pass,✓ 12/12,
amber-devin/results/2026-W37.md,Full matrix,A-d9b79b46,ui-build,swe-2-low,swe-2-high@devin,rerun,1,pass,✓ 12/12,
amber-devin/results/2026-W37.md,Full matrix,A-d9b79b46,ui-build,swe-2-max,swe-2-max@devin,primary,0,pass,✓ 12/12,
amber-devin/results/2026-W37.md,Full matrix,A-d9b79b46,ui-build,swe-2-medium,swe-2-medium@devin,primary,0,pass,✓ 12/12,
amber-devin/results/2026-W37.md,Full matrix,A-ea80d793,vision,glm-5-2,glm-5-2@devin,primary,0,fail,✗ -2,
amber-devin/results/2026-W37.md,Full matrix,A-ea80d793,vision,swe-1-7-medium,swe-1-7-medium@devin,primary,0,pass,✓ 3.0,
amber-devin/results/2026-W37.md,Full matrix,A-ea80d793,vision,swe-2-high,swe-2-high@devin,primary,0,pass,✓ 3.0,
amber-devin/results/2026-W37.md,Full matrix,A-ea80d793,vision,swe-2-low,swe-2-high@devin,rerun,1,pass,✓ 3.0,
amber-devin/results/2026-W37.md,Full matrix,A-ea80d793,vision,swe-2-max,swe-2-max@devin,primary,0,pass,✓ 3.0,
amber-devin/results/2026-W37.md,Full matrix,A-ea80d793,vision,swe-2-medium,swe-2-medium@devin,primary,0,pass,✓ 4.0,
amber-gpt/results/2026-W36.md,Full matrix,A-0676097b,req-drift,high,gpt-6-astra-900k@openai-codex:high,primary,0,pass,✓ 4/4,
amber-gpt/results/2026-W36.md,Full matrix,A-0676097b,req-drift,low,gpt-6-astra-900k@openai-codex:low,primary,0,pass,✓ 4/4,
amber-gpt/results/2026-W36.md,Full matrix,A-0676097b,req-drift,max,gpt-6-astra-900k@openai-codex:max,primary,0,pass,✓ 4/4,
amber-gpt/results/2026-W36.md,Full matrix,A-0676097b,req-drift,medium,gpt-6-astra-900k@openai-codex:medium,primary,0,pass,✓ 4/4,
amber-gpt/results/2026-W36.md,Full matrix,A-0676097b,req-drift,xhigh,gpt-6-astra-900k@openai-codex:xhigh,primary,0,pass,✓ 4/4,
amber-gpt/results/2026-W36.md,Full matrix,A-13854d9d,text,high,gpt-6-astra-900k@openai-codex:high,primary,0,pass,✓ 5/5,
amber-gpt/results/2026-W36.md,Full matrix,A-13854d9d,text,low,gpt-6-astra-900k@openai-codex:low,primary,0,fail,✗ 0/5,
amber-gpt/results/2026-W36.md,Full matrix,A-13854d9d,text,max,gpt-6-astra-900k@openai-codex:max,primary,0,fail,✗ 0/5,
amber-gpt/results/2026-W36.md,Full matrix,A-13854d9d,text,medium,gpt-6-astra-900k@openai-codex:medium,primary,0,fail,✗ 0/5,
amber-gpt/results/2026-W36.md,Full matrix,A-13854d9d,text,xhigh,gpt-6-astra-900k@openai-codex:xhigh,primary,0,fail,✗ 0/5,
amber-gpt/results/2026-W36.md,Full matrix,A-1fd3683a,text,high,gpt-6-astra-900k@openai-codex:high,primary,0,pass,✓ 2/2,
amber-gpt/results/2026-W36.md,Full matrix,A-1fd3683a,text,low,gpt-6-astra-900k@openai-codex:low,primary,0,pass,✓ 2/2,
amber-gpt/results/2026-W36.md,Full matrix,A-1fd3683a,text,max,gpt-6-astra-900k@openai-codex:max,primary,0,fail,✗ no code block,
amber-gpt/results/2026-W36.md,Full matrix,A-1fd3683a,text,medium,gpt-6-astra-900k@openai-codex:medium,primary,0,pass,✓ 2/2,
amber-gpt/results/2026-W36.md,Full matrix,A-1fd3683a,text,xhigh,gpt-6-astra-900k@openai-codex:xhigh,primary,0,fail,✗ no code block,
amber-gpt/results/2026-W36.md,Full matrix,A-24bcf707,ops,high,gpt-6-astra-900k@openai-codex:high,primary,0,fail,✗,
amber-gpt/results/2026-W36.md,Full matrix,A-24bcf707,ops,low,gpt-6-astra-900k@openai-codex:low,primary,0,fail,✗,
amber-gpt/results/2026-W36.md,Full matrix,A-24bcf707,ops,max,gpt-6-astra-900k@openai-codex:max,primary,0,fail,✗,
amber-gpt/results/2026-W36.md,Full matrix,A-24bcf707,ops,medium,gpt-6-astra-900k@openai-codex:medium,primary,0,fail,✗,
amber-gpt/results/2026-W36.md,Full matrix,A-24bcf707,ops,xhigh,gpt-6-astra-900k@openai-codex:xhigh,primary,0,fail,✗,
amber-gpt/results/2026-W36.md,Full matrix,A-442d4aab,build,high,gpt-6-astra-900k@openai-codex:high,primary,0,pass,✓ 7/7,
amber-gpt/results/2026-W36.md,Full matrix,A-442d4aab,build,low,gpt-6-astra-900k@openai-codex:low,primary,0,pass,✓ 7/7,
amber-gpt/results/2026-W36.md,Full matrix,A-442d4aab,build,max,gpt-6-astra-900k@openai-codex:max,primary,0,pass,✓ 7/7,
amber-gpt/results/2026-W36.md,Full matrix,A-442d4aab,build,medium,gpt-6-astra-900k@openai-codex:medium,primary,0,pass,✓ 7/7,
amber-gpt/results/2026-W36.md,Full matrix,A-442d4aab,build,xhigh,gpt-6-astra-900k@openai-codex:xhigh,primary,0,pass,✓ 7/7,
amber-gpt/results/2026-W36.md,Full matrix,A-47eea242,review,high,gpt-6-astra-900k@openai-codex:high,primary,0,pass,✓ 4,
amber-gpt/results/2026-W36.md,Full matrix,A-47eea242,review,low,gpt-6-astra-900k@openai-codex:low,primary,0,pass,✓ 4,
amber-gpt/results/2026-W36.md,Full matrix,A-47eea242,review,max,gpt-6-astra-900k@openai-codex:max,primary,0,fail,✗ -2,
amber-gpt/results/2026-W36.md,Full matrix,A-47eea242,review,medium,gpt-6-astra-900k@openai-codex:medium,primary,0,pass,✓ 4,
amber-gpt/results/2026-W36.md,Full matrix,A-47eea242,review,xhigh,gpt-6-astra-900k@openai-codex:xhigh,primary,0,fail,✗ -2,
amber-gpt/results/2026-W36.md,Full matrix,A-569dbe0d,build,high,gpt-6-astra-900k@openai-codex:high,primary,0,pass,✓ 10/10,
amber-gpt/results/2026-W36.md,Full matrix,A-569dbe0d,build,low,gpt-6-astra-900k@openai-codex:low,primary,0,pass,✓ 10/10,
amber-gpt/results/2026-W36.md,Full matrix,A-569dbe0d,build,max,gpt-6-astra-900k@openai-codex:max,primary,0,pass,✓ 10/10,
amber-gpt/results/2026-W36.md,Full matrix,A-569dbe0d,build,medium,gpt-6-astra-900k@openai-codex:medium,primary,0,pass,✓ 10/10,
amber-gpt/results/2026-W36.md,Full matrix,A-569dbe0d,build,xhigh,gpt-6-astra-900k@openai-codex:xhigh,primary,0,pass,✓ 10/10,
amber-gpt/results/2026-W36.md,Full matrix,A-61f7ad01,build,high,gpt-6-astra-900k@openai-codex:high,primary,0,pass,✓ 7/7,
amber-gpt/results/2026-W36.md,Full matrix,A-61f7ad01,build,low,gpt-6-astra-900k@openai-codex:low,primary,0,pass,✓ 7/7,
amber-gpt/results/2026-W36.md,Full matrix,A-61f7ad01,build,max,gpt-6-astra-900k@openai-codex:max,primary,0,pass,✓ 7/7,
amber-gpt/results/2026-W36.md,Full matrix,A-61f7ad01,build,medium,gpt-6-astra-900k@openai-codex:medium,primary,0,pass,✓ 7/7,
amber-gpt/results/2026-W36.md,Full matrix,A-61f7ad01,build,xhigh,gpt-6-astra-900k@openai-codex:xhigh,primary,0,pass,✓ 7/7,
amber-gpt/results/2026-W36.md,Full matrix,A-641195e2,build,high,gpt-6-astra-900k@openai-codex:high,primary,0,pass,✓ 8/8,
amber-gpt/results/2026-W36.md,Full matrix,A-641195e2,build,low,gpt-6-astra-900k@openai-codex:low,primary,0,pass,✓ 8/8,
amber-gpt/results/2026-W36.md,Full matrix,A-641195e2,build,max,gpt-6-astra-900k@openai-codex:max,primary,0,pass,✓ 8/8,
amber-gpt/results/2026-W36.md,Full matrix,A-641195e2,build,medium,gpt-6-astra-900k@openai-codex:medium,primary,0,pass,✓ 8/8,
amber-gpt/results/2026-W36.md,Full matrix,A-641195e2,build,xhigh,gpt-6-astra-900k@openai-codex:xhigh,primary,0,pass,✓ 8/8,
amber-gpt/results/2026-W36.md,Full matrix,A-77d62143,build,high,gpt-6-astra-900k@openai-codex:high,primary,0,pass,✓ 8/8,
amber-gpt/results/2026-W36.md,Full matrix,A-77d62143,build,low,gpt-6-astra-900k@openai-codex:low,primary,0,pass,✓ 8/8,
amber-gpt/results/2026-W36.md,Full matrix,A-77d62143,build,max,gpt-6-astra-900k@openai-codex:max,primary,0,pass,✓ 8/8,
amber-gpt/results/2026-W36.md,Full matrix,A-77d62143,build,medium,gpt-6-astra-900k@openai-codex:medium,primary,0,pass,✓ 8/8,
amber-gpt/results/2026-W36.md,Full matrix,A-77d62143,build,xhigh,gpt-6-astra-900k@openai-codex:xhigh,primary,0,pass,✓ 8/8,
amber-gpt/results/2026-W36.md,Full matrix,A-791e90ac,text,high,gpt-6-astra-900k@openai-codex:high,primary,0,pass,✓ 6/6,
amber-gpt/results/2026-W36.md,Full matrix,A-791e90ac,text,low,gpt-6-astra-900k@openai-codex:low,primary,0,pass,✓ 6/6,
amber-gpt/results/2026-W36.md,Full matrix,A-791e90ac,text,max,gpt-6-astra-900k@openai-codex:max,primary,0,pass,✓ 6/6,
amber-gpt/results/2026-W36.md,Full matrix,A-791e90ac,text,medium,gpt-6-astra-900k@openai-codex:medium,primary,0,pass,✓ 6/6,
amber-gpt/results/2026-W36.md,Full matrix,A-791e90ac,text,xhigh,gpt-6-astra-900k@openai-codex:xhigh,primary,0,pass,✓ 6/6,
amber-gpt/results/2026-W36.md,Full matrix,A-87c472cb,build,high,gpt-6-astra-900k@openai-codex:high,primary,0,fail,✗ 6/8,
amber-gpt/results/2026-W36.md,Full matrix,A-87c472cb,build,low,gpt-6-astra-900k@openai-codex:low,primary,0,fail,✗ 6/8,
amber-gpt/results/2026-W36.md,Full matrix,A-87c472cb,build,max,gpt-6-astra-900k@openai-codex:max,primary,0,fail,✗ 6/8,
amber-gpt/results/2026-W36.md,Full matrix,A-87c472cb,build,medium,gpt-6-astra-900k@openai-codex:medium,primary,0,fail,✗ 6/8,
amber-gpt/results/2026-W36.md,Full matrix,A-87c472cb,build,xhigh,gpt-6-astra-900k@openai-codex:xhigh,primary,0,fail,✗ 6/8,
amber-gpt/results/2026-W36.md,Full matrix,A-8d4bc770,ops,high,gpt-6-astra-900k@openai-codex:high,primary,0,pass,✓,
amber-gpt/results/2026-W36.md,Full matrix,A-8d4bc770,ops,low,gpt-6-astra-900k@openai-codex:low,primary,0,pass,✓,
amber-gpt/results/2026-W36.md,Full matrix,A-8d4bc770,ops,max,gpt-6-astra-900k@openai-codex:max,primary,0,pass,✓,
amber-gpt/results/2026-W36.md,Full matrix,A-8d4bc770,ops,medium,gpt-6-astra-900k@openai-codex:medium,primary,0,pass,✓,
amber-gpt/results/2026-W36.md,Full matrix,A-8d4bc770,ops,xhigh,gpt-6-astra-900k@openai-codex:xhigh,primary,0,pass,✓,
amber-gpt/results/2026-W36.md,Full matrix,A-984e80ee,ops,high,gpt-6-astra-900k@openai-codex:high,primary,0,pass,✓,
amber-gpt/results/2026-W36.md,Full matrix,A-984e80ee,ops,low,gpt-6-astra-900k@openai-codex:low,primary,0,pass,✓,
amber-gpt/results/2026-W36.md,Full matrix,A-984e80ee,ops,max,gpt-6-astra-900k@openai-codex:max,primary,0,pass,✓,
amber-gpt/results/2026-W36.md,Full matrix,A-984e80ee,ops,medium,gpt-6-astra-900k@openai-codex:medium,primary,0,pass,✓,
amber-gpt/results/2026-W36.md,Full matrix,A-984e80ee,ops,xhigh,gpt-6-astra-900k@openai-codex:xhigh,primary,0,pass,✓,
amber-gpt/results/2026-W36.md,Full matrix,A-a317e74b,verify,high,gpt-6-astra-900k@openai-codex:high,primary,0,fail,✗ 14/15,
amber-gpt/results/2026-W36.md,Full matrix,A-a317e74b,verify,low,gpt-6-astra-900k@openai-codex:low,primary,0,fail,✗ 14/15,
amber-gpt/results/2026-W36.md,Full matrix,A-a317e74b,verify,max,gpt-6-astra-900k@openai-codex:max,primary,0,fail,✗ 14/15,
amber-gpt/results/2026-W36.md,Full matrix,A-a317e74b,verify,medium,gpt-6-astra-900k@openai-codex:medium,primary,0,fail,✗ 14/15,
amber-gpt/results/2026-W36.md,Full matrix,A-a317e74b,verify,xhigh,gpt-6-astra-900k@openai-codex:xhigh,primary,0,fail,✗ 14/15,
amber-gpt/results/2026-W36.md,Full matrix,A-a5608487,ops,high,gpt-6-astra-900k@openai-codex:high,primary,0,pass,✓,
amber-gpt/results/2026-W36.md,Full matrix,A-a5608487,ops,low,gpt-6-astra-900k@openai-codex:low,primary,0,fail,✗ 4/5,
amber-gpt/results/2026-W36.md,Full matrix,A-a5608487,ops,max,gpt-6-astra-900k@openai-codex:max,primary,0,pass,✓,
amber-gpt/results/2026-W36.md,Full matrix,A-a5608487,ops,medium,gpt-6-astra-900k@openai-codex:medium,primary,0,pass,✓,
amber-gpt/results/2026-W36.md,Full matrix,A-a5608487,ops,xhigh,gpt-6-astra-900k@openai-codex:xhigh,primary,0,pass,✓,
amber-gpt/results/2026-W36.md,Full matrix,A-be92627f,verify,high,gpt-6-astra-900k@openai-codex:high,primary,0,fail,✗ 5/9,
amber-gpt/results/2026-W36.md,Full matrix,A-be92627f,verify,low,gpt-6-astra-900k@openai-codex:low,primary,0,fail,✗ 4/9,
amber-gpt/results/2026-W36.md,Full matrix,A-be92627f,verify,max,gpt-6-astra-900k@openai-codex:max,primary,0,fail,✗ 4/9,
amber-gpt/results/2026-W36.md,Full matrix,A-be92627f,verify,medium,gpt-6-astra-900k@openai-codex:medium,primary,0,fail,✗ 4/9,
amber-gpt/results/2026-W36.md,Full matrix,A-be92627f,verify,xhigh,gpt-6-astra-900k@openai-codex:xhigh,primary,0,fail,✗ 4/9,
amber-gpt/results/2026-W36.md,Full matrix,A-cdc3d11a,review,high,gpt-6-astra-900k@openai-codex:high,primary,0,fail,✗ -1,
amber-gpt/results/2026-W36.md,Full matrix,A-cdc3d11a,review,low,gpt-6-astra-900k@openai-codex:low,primary,0,fail,✗ -2,
amber-gpt/results/2026-W36.md,Full matrix,A-cdc3d11a,review,max,gpt-6-astra-900k@openai-codex:max,primary,0,fail,✗ -2,
amber-gpt/results/2026-W36.md,Full matrix,A-cdc3d11a,review,medium,gpt-6-astra-900k@openai-codex:medium,primary,0,fail,✗ -12,
amber-gpt/results/2026-W36.md,Full matrix,A-cdc3d11a,review,xhigh,gpt-6-astra-900k@openai-codex:xhigh,primary,0,fail,✗ -2,
amber-gpt/results/2026-W36.md,Full matrix,A-d511f9e8,verify,high,gpt-6-astra-900k@openai-codex:high,primary,0,fail,✗ 4/12,
amber-gpt/results/2026-W36.md,Full matrix,A-d511f9e8,verify,low,gpt-6-astra-900k@openai-codex:low,primary,0,fail,✗ 4/12,
amber-gpt/results/2026-W36.md,Full matrix,A-d511f9e8,verify,max,gpt-6-astra-900k@openai-codex:max,primary,0,fail,✗ 4/12,
amber-gpt/results/2026-W36.md,Full matrix,A-d511f9e8,verify,medium,gpt-6-astra-900k@openai-codex:medium,primary,0,fail,✗ 4/12,
amber-gpt/results/2026-W36.md,Full matrix,A-d511f9e8,verify,xhigh,gpt-6-astra-900k@openai-codex:xhigh,primary,0,fail,✗ 4/12,
amber-gpt/results/2026-W36.md,Full matrix,A-d9b79b46,ui-build,high,gpt-6-astra-900k@openai-codex:high,primary,0,pass,✓,
amber-gpt/results/2026-W36.md,Full matrix,A-d9b79b46,ui-build,low,gpt-6-astra-900k@openai-codex:low,primary,0,pass,✓,
amber-gpt/results/2026-W36.md,Full matrix,A-d9b79b46,ui-build,max,gpt-6-astra-900k@openai-codex:max,primary,0,fail,✗ no delivery,
amber-gpt/results/2026-W36.md,Full matrix,A-d9b79b46,ui-build,medium,gpt-6-astra-900k@openai-codex:medium,primary,0,pass,✓,
amber-gpt/results/2026-W36.md,Full matrix,A-d9b79b46,ui-build,xhigh,gpt-6-astra-900k@openai-codex:xhigh,primary,0,fail,✗ no delivery,
amber-gpt/results/2026-W36.md,Full matrix,A-ea80d793,vision,high,gpt-6-astra-900k@openai-codex:high,primary,0,fail,✗~ borderline¹,
amber-gpt/results/2026-W36.md,Full matrix,A-ea80d793,vision,low,gpt-6-astra-900k@openai-codex:low,primary,0,fail,✗ 0.0,
amber-gpt/results/2026-W36.md,Full matrix,A-ea80d793,vision,max,gpt-6-astra-900k@openai-codex:max,primary,0,fail,✗ -2,
amber-gpt/results/2026-W36.md,Full matrix,A-ea80d793,vision,medium,gpt-6-astra-900k@openai-codex:medium,primary,0,pass,✓ 3.0,
amber-gpt/results/2026-W36.md,Full matrix,A-ea80d793,vision,xhigh,gpt-6-astra-900k@openai-codex:xhigh,primary,0,fail,✗ -2,
amber-gpt/results/2026-W37.md,Full matrix,A-0676097b,req-drift,luna h,gpt-5.6-luna-900k@openai-codex:high,primary,0,pass,✓ 4/4,
amber-gpt/results/2026-W37.md,Full matrix,A-0676097b,req-drift,luna m,gpt-5.6-luna-900k@openai-codex:medium,primary,0,pass,✓ 4/4,
amber-gpt/results/2026-W37.md,Full matrix,A-0676097b,req-drift,luna xh,gpt-5.6-luna-900k@openai-codex:xhigh,primary,0,pass,✓ 4/4,
amber-gpt/results/2026-W37.md,Full matrix,A-0676097b,req-drift,sol h,gpt-5.6-sol-900k@openai-codex:high,primary,0,pass,✓ 4/4,
amber-gpt/results/2026-W37.md,Full matrix,A-0676097b,req-drift,sol m,gpt-5.6-sol-900k@openai-codex:medium,primary,0,pass,✓ 4/4,
amber-gpt/results/2026-W37.md,Full matrix,A-13854d9d,text,luna h,gpt-5.6-luna-900k@openai-codex:high,primary,0,pass,✓ 5/5,
amber-gpt/results/2026-W37.md,Full matrix,A-13854d9d,text,luna m,gpt-5.6-luna-900k@openai-codex:medium,primary,0,pass,✓ 5/5,
amber-gpt/results/2026-W37.md,Full matrix,A-13854d9d,text,luna xh,gpt-5.6-luna-900k@openai-codex:xhigh,primary,0,pass,✓ 5/5,
amber-gpt/results/2026-W37.md,Full matrix,A-13854d9d,text,sol h,gpt-5.6-sol-900k@openai-codex:high,primary,0,pass,✓ 5/5,
amber-gpt/results/2026-W37.md,Full matrix,A-13854d9d,text,sol m,gpt-5.6-sol-900k@openai-codex:medium,primary,0,pass,✓ 5/5,
amber-gpt/results/2026-W37.md,Full matrix,A-1fd3683a,text,luna h,gpt-5.6-luna-900k@openai-codex:high,primary,0,pass,✓ 2/2,
amber-gpt/results/2026-W37.md,Full matrix,A-1fd3683a,text,luna m,gpt-5.6-luna-900k@openai-codex:medium,primary,0,pass,✓ 2/2,
amber-gpt/results/2026-W37.md,Full matrix,A-1fd3683a,text,luna xh,gpt-5.6-luna-900k@openai-codex:xhigh,primary,0,pass,✓ 2/2,
amber-gpt/results/2026-W37.md,Full matrix,A-1fd3683a,text,sol h,gpt-5.6-sol-900k@openai-codex:high,primary,0,pass,✓ 2/2,
amber-gpt/results/2026-W37.md,Full matrix,A-1fd3683a,text,sol m,gpt-5.6-sol-900k@openai-codex:medium,primary,0,pass,✓ 2/2,
amber-gpt/results/2026-W37.md,Full matrix,A-24bcf707,ops,luna h,gpt-5.6-luna-900k@openai-codex:high,primary,0,pass,✓,
amber-gpt/results/2026-W37.md,Full matrix,A-24bcf707,ops,luna m,gpt-5.6-luna-900k@openai-codex:medium,primary,0,pass,✓,
amber-gpt/results/2026-W37.md,Full matrix,A-24bcf707,ops,luna xh,gpt-5.6-luna-900k@openai-codex:xhigh,primary,0,pass,✓,
amber-gpt/results/2026-W37.md,Full matrix,A-24bcf707,ops,sol h,gpt-5.6-sol-900k@openai-codex:high,primary,0,fail,✗,
amber-gpt/results/2026-W37.md,Full matrix,A-24bcf707,ops,sol m,gpt-5.6-sol-900k@openai-codex:medium,primary,0,fail,✗,
amber-gpt/results/2026-W37.md,Full matrix,A-442d4aab,build,luna h,gpt-5.6-luna-900k@openai-codex:high,primary,0,pass,✓ 7/7,
amber-gpt/results/2026-W37.md,Full matrix,A-442d4aab,build,luna m,gpt-5.6-luna-900k@openai-codex:medium,primary,0,pass,✓ 7/7,
amber-gpt/results/2026-W37.md,Full matrix,A-442d4aab,build,luna xh,gpt-5.6-luna-900k@openai-codex:xhigh,primary,0,pass,✓ 7/7,
amber-gpt/results/2026-W37.md,Full matrix,A-442d4aab,build,sol h,gpt-5.6-sol-900k@openai-codex:high,primary,0,pass,✓ 7/7,
amber-gpt/results/2026-W37.md,Full matrix,A-442d4aab,build,sol m,gpt-5.6-sol-900k@openai-codex:medium,primary,0,pass,✓ 7/7,
amber-gpt/results/2026-W37.md,Full matrix,A-47eea242,review,luna h,gpt-5.6-luna-900k@openai-codex:high,primary,0,fail,✗ -2,
amber-gpt/results/2026-W37.md,Full matrix,A-47eea242,review,luna m,gpt-5.6-luna-900k@openai-codex:medium,primary,0,fail,✗ -1,
amber-gpt/results/2026-W37.md,Full matrix,A-47eea242,review,luna xh,gpt-5.6-luna-900k@openai-codex:xhigh,primary,0,fail,✗ -2,
amber-gpt/results/2026-W37.md,Full matrix,A-47eea242,review,sol h,gpt-5.6-sol-900k@openai-codex:high,primary,0,fail,✗ -2,
amber-gpt/results/2026-W37.md,Full matrix,A-47eea242,review,sol m,gpt-5.6-sol-900k@openai-codex:medium,primary,0,fail,✗ -1,
amber-gpt/results/2026-W37.md,Full matrix,A-569dbe0d,build,luna h,gpt-5.6-luna-900k@openai-codex:high,primary,0,pass,✓ 10/10,
amber-gpt/results/2026-W37.md,Full matrix,A-569dbe0d,build,luna m,gpt-5.6-luna-900k@openai-codex:medium,primary,0,pass,✓ 10/10,
amber-gpt/results/2026-W37.md,Full matrix,A-569dbe0d,build,luna xh,gpt-5.6-luna-900k@openai-codex:xhigh,primary,0,pass,✓ 10/10,
amber-gpt/results/2026-W37.md,Full matrix,A-569dbe0d,build,sol h,gpt-5.6-sol-900k@openai-codex:high,primary,0,pass,✓ 10/10,
amber-gpt/results/2026-W37.md,Full matrix,A-569dbe0d,build,sol m,gpt-5.6-sol-900k@openai-codex:medium,primary,0,pass,✓ 10/10,
amber-gpt/results/2026-W37.md,Full matrix,A-61f7ad01,build,luna h,gpt-5.6-luna-900k@openai-codex:high,primary,0,pass,✓ 7/7,
amber-gpt/results/2026-W37.md,Full matrix,A-61f7ad01,build,luna m,gpt-5.6-luna-900k@openai-codex:medium,primary,0,pass,✓ 7/7,
amber-gpt/results/2026-W37.md,Full matrix,A-61f7ad01,build,luna xh,gpt-5.6-luna-900k@openai-codex:xhigh,primary,0,pass,✓ 7/7,
amber-gpt/results/2026-W37.md,Full matrix,A-61f7ad01,build,sol h,gpt-5.6-sol-900k@openai-codex:high,primary,0,pass,✓ 7/7,
amber-gpt/results/2026-W37.md,Full matrix,A-61f7ad01,build,sol m,gpt-5.6-sol-900k@openai-codex:medium,primary,0,pass,✓ 7/7,
amber-gpt/results/2026-W37.md,Full matrix,A-641195e2,build,luna h,gpt-5.6-luna-900k@openai-codex:high,primary,0,pass,✓ 8/8,
amber-gpt/results/2026-W37.md,Full matrix,A-641195e2,build,luna m,gpt-5.6-luna-900k@openai-codex:medium,primary,0,pass,✓ 8/8,
amber-gpt/results/2026-W37.md,Full matrix,A-641195e2,build,luna xh,gpt-5.6-luna-900k@openai-codex:xhigh,primary,0,pass,✓ 8/8,
amber-gpt/results/2026-W37.md,Full matrix,A-641195e2,build,sol h,gpt-5.6-sol-900k@openai-codex:high,primary,0,pass,✓ 8/8,
amber-gpt/results/2026-W37.md,Full matrix,A-641195e2,build,sol m,gpt-5.6-sol-900k@openai-codex:medium,primary,0,pass,✓ 8/8,
amber-gpt/results/2026-W37.md,Full matrix,A-6fbeb363,ops,luna h,gpt-5.6-luna-900k@openai-codex:high,primary,0,pass,✓,
amber-gpt/results/2026-W37.md,Full matrix,A-6fbeb363,ops,luna m,gpt-5.6-luna-900k@openai-codex:medium,primary,0,pass,✓,
amber-gpt/results/2026-W37.md,Full matrix,A-6fbeb363,ops,luna xh,gpt-5.6-luna-900k@openai-codex:xhigh,primary,0,pass,✓,
amber-gpt/results/2026-W37.md,Full matrix,A-6fbeb363,ops,sol h,gpt-5.6-sol-900k@openai-codex:high,primary,0,pass,✓,
amber-gpt/results/2026-W37.md,Full matrix,A-6fbeb363,ops,sol m,gpt-5.6-sol-900k@openai-codex:medium,primary,0,pass,✓,
amber-gpt/results/2026-W37.md,Makeup matrix (2 new ops cases),A-6fbeb363,ops,gpt-6-astra（裸）,gpt-6-astra@openai-codex,makeup,0,pass,✓ 6/6,
amber-gpt/results/2026-W37.md,Full matrix,A-77d62143,build,luna h,gpt-5.6-luna-900k@openai-codex:high,primary,0,pass,✓ 8/8,
amber-gpt/results/2026-W37.md,Full matrix,A-77d62143,build,luna m,gpt-5.6-luna-900k@openai-codex:medium,primary,0,pass,✓ 8/8,
amber-gpt/results/2026-W37.md,Full matrix,A-77d62143,build,luna xh,gpt-5.6-luna-900k@openai-codex:xhigh,primary,0,pass,✓ 8/8,
amber-gpt/results/2026-W37.md,Full matrix,A-77d62143,build,sol h,gpt-5.6-sol-900k@openai-codex:high,primary,0,pass,✓ 8/8,
amber-gpt/results/2026-W37.md,Full matrix,A-77d62143,build,sol m,gpt-5.6-sol-900k@openai-codex:medium,primary,0,pass,✓ 8/8,
amber-gpt/results/2026-W37.md,Full matrix,A-791e90ac,text,luna h,gpt-5.6-luna-900k@openai-codex:high,primary,0,pass,✓ 6/6,
amber-gpt/results/2026-W37.md,Full matrix,A-791e90ac,text,luna m,gpt-5.6-luna-900k@openai-codex:medium,primary,0,pass,✓ 6/6,
amber-gpt/results/2026-W37.md,Full matrix,A-791e90ac,text,luna xh,gpt-5.6-luna-900k@openai-codex:xhigh,primary,0,pass,✓ 6/6,
amber-gpt/results/2026-W37.md,Full matrix,A-791e90ac,text,sol h,gpt-5.6-sol-900k@openai-codex:high,primary,0,pass,✓ 6/6,
amber-gpt/results/2026-W37.md,Full matrix,A-791e90ac,text,sol m,gpt-5.6-sol-900k@openai-codex:medium,primary,0,pass,✓ 6/6,
amber-gpt/results/2026-W37.md,Full matrix,A-87c472cb,build,luna h,gpt-5.6-luna-900k@openai-codex:high,primary,0,fail,✗ 6/8,
amber-gpt/results/2026-W37.md,Full matrix,A-87c472cb,build,luna m,gpt-5.6-luna-900k@openai-codex:medium,primary,0,fail,✗ 6/8,
amber-gpt/results/2026-W37.md,Full matrix,A-87c472cb,build,luna xh,gpt-5.6-luna-900k@openai-codex:xhigh,primary,0,fail,✗ 6/8,
amber-gpt/results/2026-W37.md,Full matrix,A-87c472cb,build,sol h,gpt-5.6-sol-900k@openai-codex:high,primary,0,fail,✗ 6/8,
amber-gpt/results/2026-W37.md,Full matrix,A-87c472cb,build,sol m,gpt-5.6-sol-900k@openai-codex:medium,primary,0,fail,✗ 6/8,
amber-gpt/results/2026-W37.md,Full matrix,A-8c909d0a,ops,luna h,gpt-5.6-luna-900k@openai-codex:high,primary,0,pass,✓,
amber-gpt/results/2026-W37.md,Full matrix,A-8c909d0a,ops,luna m,gpt-5.6-luna-900k@openai-codex:medium,primary,0,pass,✓,
amber-gpt/results/2026-W37.md,Full matrix,A-8c909d0a,ops,luna xh,gpt-5.6-luna-900k@openai-codex:xhigh,primary,0,pass,✓,
amber-gpt/results/2026-W37.md,Full matrix,A-8c909d0a,ops,sol h,gpt-5.6-sol-900k@openai-codex:high,primary,0,pass,✓,
amber-gpt/results/2026-W37.md,Full matrix,A-8c909d0a,ops,sol m,gpt-5.6-sol-900k@openai-codex:medium,primary,0,pass,✓,
amber-gpt/results/2026-W37.md,Makeup matrix (2 new ops cases),A-8c909d0a,ops,gpt-6-astra（裸）,gpt-6-astra@openai-codex,makeup,0,pass,✓ 7/7,
amber-gpt/results/2026-W37.md,Full matrix,A-8d4bc770,ops,luna h,gpt-5.6-luna-900k@openai-codex:high,primary,0,pass,✓,
amber-gpt/results/2026-W37.md,Full matrix,A-8d4bc770,ops,luna m,gpt-5.6-luna-900k@openai-codex:medium,primary,0,pass,✓,
amber-gpt/results/2026-W37.md,Full matrix,A-8d4bc770,ops,luna xh,gpt-5.6-luna-900k@openai-codex:xhigh,primary,0,pass,✓,
amber-gpt/results/2026-W37.md,Full matrix,A-8d4bc770,ops,sol h,gpt-5.6-sol-900k@openai-codex:high,primary,0,pass,✓,
amber-gpt/results/2026-W37.md,Full matrix,A-8d4bc770,ops,sol m,gpt-5.6-sol-900k@openai-codex:medium,primary,0,pass,✓,
amber-gpt/results/2026-W37.md,Full matrix,A-984e80ee,ops,luna h,gpt-5.6-luna-900k@openai-codex:high,primary,0,pass,✓,
amber-gpt/results/2026-W37.md,Full matrix,A-984e80ee,ops,luna m,gpt-5.6-luna-900k@openai-codex:medium,primary,0,pass,✓,
amber-gpt/results/2026-W37.md,Full matrix,A-984e80ee,ops,luna xh,gpt-5.6-luna-900k@openai-codex:xhigh,primary,0,pass,✓,
amber-gpt/results/2026-W37.md,Full matrix,A-984e80ee,ops,sol h,gpt-5.6-sol-900k@openai-codex:high,primary,0,pass,✓,
amber-gpt/results/2026-W37.md,Full matrix,A-984e80ee,ops,sol m,gpt-5.6-sol-900k@openai-codex:medium,primary,0,pass,✓,
amber-gpt/results/2026-W37.md,Full matrix,A-a317e74b,verify,luna h,gpt-5.6-luna-900k@openai-codex:high,primary,0,fail,✗ 12/15,
amber-gpt/results/2026-W37.md,Full matrix,A-a317e74b,verify,luna m,gpt-5.6-luna-900k@openai-codex:medium,primary,0,fail,✗ 14/15,
amber-gpt/results/2026-W37.md,Full matrix,A-a317e74b,verify,luna xh,gpt-5.6-luna-900k@openai-codex:xhigh,primary,0,fail,✗ 7/15,
amber-gpt/results/2026-W37.md,Full matrix,A-a317e74b,verify,sol h,gpt-5.6-sol-900k@openai-codex:high,primary,0,invalid_or_pending,∅ timeout,infrastructure_timeout
amber-gpt/results/2026-W37.md,Full matrix,A-a317e74b,verify,sol m,gpt-5.6-sol-900k@openai-codex:medium,primary,0,fail,✗ 7/15,
amber-gpt/results/2026-W37.md,Full matrix,A-a5608487,ops,luna h,gpt-5.6-luna-900k@openai-codex:high,primary,0,pass,✓,
amber-gpt/results/2026-W37.md,Full matrix,A-a5608487,ops,luna m,gpt-5.6-luna-900k@openai-codex:medium,primary,0,pass,✓,
amber-gpt/results/2026-W37.md,Full matrix,A-a5608487,ops,luna xh,gpt-5.6-luna-900k@openai-codex:xhigh,primary,0,pass,✓,
amber-gpt/results/2026-W37.md,Full matrix,A-a5608487,ops,sol h,gpt-5.6-sol-900k@openai-codex:high,primary,0,pass,✓,
amber-gpt/results/2026-W37.md,Full matrix,A-a5608487,ops,sol m,gpt-5.6-sol-900k@openai-codex:medium,primary,0,pass,✓,
amber-gpt/results/2026-W37.md,Full matrix,A-be92627f,verify,luna h,gpt-5.6-luna-900k@openai-codex:high,primary,0,fail,✗ 2/9,
amber-gpt/results/2026-W37.md,Full matrix,A-be92627f,verify,luna m,gpt-5.6-luna-900k@openai-codex:medium,primary,0,fail,✗ 4/9,
amber-gpt/results/2026-W37.md,Full matrix,A-be92627f,verify,luna xh,gpt-5.6-luna-900k@openai-codex:xhigh,primary,0,fail,✗ 3/9,
amber-gpt/results/2026-W37.md,Full matrix,A-be92627f,verify,sol h,gpt-5.6-sol-900k@openai-codex:high,primary,0,fail,✗ 4/9,
amber-gpt/results/2026-W37.md,Full matrix,A-be92627f,verify,sol m,gpt-5.6-sol-900k@openai-codex:medium,primary,0,fail,✗ 4/9,
amber-gpt/results/2026-W37.md,Full matrix,A-cdc3d11a,review,luna h,gpt-5.6-luna-900k@openai-codex:high,primary,0,fail,✗ -2,
amber-gpt/results/2026-W37.md,Full matrix,A-cdc3d11a,review,luna m,gpt-5.6-luna-900k@openai-codex:medium,primary,0,fail,✗ -1,
amber-gpt/results/2026-W37.md,Full matrix,A-cdc3d11a,review,luna xh,gpt-5.6-luna-900k@openai-codex:xhigh,primary,0,fail,✗ -2,
amber-gpt/results/2026-W37.md,Full matrix,A-cdc3d11a,review,sol h,gpt-5.6-sol-900k@openai-codex:high,primary,0,fail,✗ -2,
amber-gpt/results/2026-W37.md,Full matrix,A-cdc3d11a,review,sol m,gpt-5.6-sol-900k@openai-codex:medium,primary,0,fail,✗ -3,
amber-gpt/results/2026-W37.md,Full matrix,A-d511f9e8,verify,luna h,gpt-5.6-luna-900k@openai-codex:high,primary,0,fail,✗ 4/12,
amber-gpt/results/2026-W37.md,Full matrix,A-d511f9e8,verify,luna m,gpt-5.6-luna-900k@openai-codex:medium,primary,0,fail,✗ 3/12,
amber-gpt/results/2026-W37.md,Full matrix,A-d511f9e8,verify,luna xh,gpt-5.6-luna-900k@openai-codex:xhigh,primary,0,fail,✗ 4/12,
amber-gpt/results/2026-W37.md,Full matrix,A-d511f9e8,verify,sol h,gpt-5.6-sol-900k@openai-codex:high,primary,0,invalid_or_pending,∅ timeout,infrastructure_timeout
amber-gpt/results/2026-W37.md,Full matrix,A-d511f9e8,verify,sol m,gpt-5.6-sol-900k@openai-codex:medium,primary,0,fail,✗ 3/12,
amber-gpt/results/2026-W37.md,Full matrix,A-d9b79b46,ui-build,luna h,gpt-5.6-luna-900k@openai-codex:high,primary,0,fail,✗,
amber-gpt/results/2026-W37.md,Full matrix,A-d9b79b46,ui-build,luna m,gpt-5.6-luna-900k@openai-codex:medium,primary,0,fail,✗,
amber-gpt/results/2026-W37.md,Full matrix,A-d9b79b46,ui-build,luna xh,gpt-5.6-luna-900k@openai-codex:xhigh,primary,0,fail,✗,
amber-gpt/results/2026-W37.md,Full matrix,A-d9b79b46,ui-build,sol h,gpt-5.6-sol-900k@openai-codex:high,primary,0,fail,✗,
amber-gpt/results/2026-W37.md,Full matrix,A-d9b79b46,ui-build,sol m,gpt-5.6-sol-900k@openai-codex:medium,primary,0,fail,✗,
amber-gpt/results/2026-W37.md,Full matrix,A-ea80d793,vision,luna h,gpt-5.6-luna-900k@openai-codex:high,primary,0,fail,✗ -2,
amber-gpt/results/2026-W37.md,Full matrix,A-ea80d793,vision,luna m,gpt-5.6-luna-900k@openai-codex:medium,primary,0,fail,✗ -3,
amber-gpt/results/2026-W37.md,Full matrix,A-ea80d793,vision,luna xh,gpt-5.6-luna-900k@openai-codex:xhigh,primary,0,fail,✗ -3,
amber-gpt/results/2026-W37.md,Full matrix,A-ea80d793,vision,sol h,gpt-5.6-sol-900k@openai-codex:high,primary,0,fail,✗ -3,
amber-gpt/results/2026-W37.md,Full matrix,A-ea80d793,vision,sol m,gpt-5.6-sol-900k@openai-codex:medium,primary,0,fail,✗ -3,
amber-ollama/results/2026-W36.md,Full matrix,A-0676097b,req-drift,d4f,deepseek-v4-flash:0731@ollama,primary,0,pass,✓ 4/4,
amber-ollama/results/2026-W36.md,Full matrix,A-0676097b,req-drift,g53f,glm-5.3-flash@ollama,primary,0,pass,✓ 4/4,
amber-ollama/results/2026-W36.md,Full matrix,A-13854d9d,text,d4f,deepseek-v4-flash:0731@ollama,primary,0,pass,✓ 5/5,
amber-ollama/results/2026-W36.md,Full matrix,A-13854d9d,text,g53f,glm-5.3-flash@ollama,primary,0,pass,✓ 5/5,
amber-ollama/results/2026-W36.md,Cross-vendor digest,A-1fd3683a,text,d4f-0731 crof,deepseek-v4-flash:0731@crof,primary,1,pass,✓ 2/2,
amber-ollama/results/2026-W36.md,Full matrix,A-1fd3683a,text,d4f,deepseek-v4-flash:0731@ollama,primary,0,pass,✓ 2/2,
amber-ollama/results/2026-W36.md,Cross-vendor digest,A-1fd3683a,text,d4f-0731 ollama,deepseek-v4-flash:0731@ollama,primary,1,pass,✓ 2/2,
amber-ollama/results/2026-W36.md,Cross-vendor digest,A-1fd3683a,text,glm-5.3-flash crof,glm-5.3-flash@crof,primary,1,fail,✗ exec,
amber-ollama/results/2026-W36.md,Full matrix,A-1fd3683a,text,g53f,glm-5.3-flash@ollama,primary,0,pass,✓ 2/2,
amber-ollama/results/2026-W36.md,Cross-vendor digest,A-1fd3683a,text,glm-5.3-flash ollama,glm-5.3-flash@ollama,primary,1,pass,✓ 2/2,
amber-ollama/results/2026-W36.md,Full matrix,A-24bcf707,ops,d4f,deepseek-v4-flash:0731@ollama,primary,0,pass,✓,
amber-ollama/results/2026-W36.md,Full matrix,A-24bcf707,ops,g53f,glm-5.3-flash@ollama,primary,0,pass,✓,
amber-ollama/results/2026-W36.md,Cross-vendor digest,A-442d4aab,build,d4f-0731 crof,deepseek-v4-flash:0731@crof,primary,1,pass,✓ 7/7,
amber-ollama/results/2026-W36.md,Full matrix,A-442d4aab,build,d4f,deepseek-v4-flash:0731@ollama,primary,0,pass,✓ 7/7,
amber-ollama/results/2026-W36.md,Cross-vendor digest,A-442d4aab,build,d4f-0731 ollama,deepseek-v4-flash:0731@ollama,primary,1,pass,✓ 7/7,
amber-ollama/results/2026-W36.md,Cross-vendor digest,A-442d4aab,build,glm-5.3-flash crof,glm-5.3-flash@crof,primary,1,fail,✗ 1/7,
amber-ollama/results/2026-W36.md,Full matrix,A-442d4aab,build,g53f,glm-5.3-flash@ollama,primary,0,pass,✓ 7/7,
amber-ollama/results/2026-W36.md,Cross-vendor digest,A-442d4aab,build,glm-5.3-flash ollama,glm-5.3-flash@ollama,primary,1,pass,✓ 7/7,
amber-ollama/results/2026-W36.md,Full matrix,A-47eea242,review,d4f,deepseek-v4-flash:0731@ollama,primary,0,pass,✓ 2,
amber-ollama/results/2026-W36.md,Full matrix,A-47eea242,review,g53f,glm-5.3-flash@ollama,primary,0,pass,✓ 4,
amber-ollama/results/2026-W36.md,Full matrix,A-569dbe0d,build,d4f,deepseek-v4-flash:0731@ollama,primary,0,pass,✓ 10/10,
amber-ollama/results/2026-W36.md,Full matrix,A-569dbe0d,build,g53f,glm-5.3-flash@ollama,primary,0,pass,✓ 10/10,
amber-ollama/results/2026-W36.md,Cross-vendor digest,A-61f7ad01,build,d4f-0731 crof,deepseek-v4-flash:0731@crof,primary,1,fail,✗ 5/7,
amber-ollama/results/2026-W36.md,Full matrix,A-61f7ad01,build,d4f,deepseek-v4-flash:0731@ollama,primary,0,pass,✓ 7/7,
amber-ollama/results/2026-W36.md,Cross-vendor digest,A-61f7ad01,build,d4f-0731 ollama,deepseek-v4-flash:0731@ollama,primary,1,pass,✓ 7/7,
amber-ollama/results/2026-W36.md,Cross-vendor digest,A-61f7ad01,build,glm-5.3-flash crof,glm-5.3-flash@crof,primary,1,pass,✓ 7/7,
amber-ollama/results/2026-W36.md,Full matrix,A-61f7ad01,build,g53f,glm-5.3-flash@ollama,primary,0,pass,✓ 7/7,
amber-ollama/results/2026-W36.md,Cross-vendor digest,A-61f7ad01,build,glm-5.3-flash ollama,glm-5.3-flash@ollama,primary,1,pass,✓ 7/7,
amber-ollama/results/2026-W36.md,Full matrix,A-641195e2,build,d4f,deepseek-v4-flash:0731@ollama,primary,0,pass,✓ 8/8,
amber-ollama/results/2026-W36.md,Full matrix,A-641195e2,build,g53f,glm-5.3-flash@ollama,primary,0,pass,✓ 8/8,
amber-ollama/results/2026-W36.md,Full matrix,A-77d62143,build,d4f,deepseek-v4-flash:0731@ollama,primary,0,pass,✓ 8/8,
amber-ollama/results/2026-W36.md,Full matrix,A-77d62143,build,g53f,glm-5.3-flash@ollama,primary,0,pass,✓ 8/8,
amber-ollama/results/2026-W36.md,Full matrix,A-791e90ac,text,d4f,deepseek-v4-flash:0731@ollama,primary,0,pass,✓ 6/6,
amber-ollama/results/2026-W36.md,Full matrix,A-791e90ac,text,g53f,glm-5.3-flash@ollama,primary,0,pass,✓ 6/6,
amber-ollama/results/2026-W36.md,Full matrix,A-87c472cb,build,d4f,deepseek-v4-flash:0731@ollama,primary,0,fail,✗ 6/8,
amber-ollama/results/2026-W36.md,Full matrix,A-87c472cb,build,g53f,glm-5.3-flash@ollama,primary,0,fail,✗ 6/8,
amber-ollama/results/2026-W36.md,Full matrix,A-8d4bc770,ops,d4f,deepseek-v4-flash:0731@ollama,primary,0,pass,✓,
amber-ollama/results/2026-W36.md,Full matrix,A-8d4bc770,ops,g53f,glm-5.3-flash@ollama,primary,0,pass,✓,
amber-ollama/results/2026-W36.md,Full matrix,A-984e80ee,ops,d4f,deepseek-v4-flash:0731@ollama,primary,0,pass,✓,
amber-ollama/results/2026-W36.md,Full matrix,A-984e80ee,ops,g53f,glm-5.3-flash@ollama,primary,0,pass,✓,
amber-ollama/results/2026-W36.md,Cross-vendor digest,A-a317e74b,verify,d4f-0731 crof,deepseek-v4-flash:0731@crof,primary,1,fail,✗ 9/15,
amber-ollama/results/2026-W36.md,Full matrix,A-a317e74b,verify,d4f,deepseek-v4-flash:0731@ollama,primary,0,fail,✗ 14/15,
amber-ollama/results/2026-W36.md,Cross-vendor digest,A-a317e74b,verify,d4f-0731 ollama,deepseek-v4-flash:0731@ollama,primary,1,fail,✗ 14/15,
amber-ollama/results/2026-W36.md,Cross-vendor digest,A-a317e74b,verify,glm-5.3-flash crof,glm-5.3-flash@crof,primary,1,fail,✗ 8/15,
amber-ollama/results/2026-W36.md,Full matrix,A-a317e74b,verify,g53f,glm-5.3-flash@ollama,primary,0,fail,✗ 14/15,
amber-ollama/results/2026-W36.md,Cross-vendor digest,A-a317e74b,verify,glm-5.3-flash ollama,glm-5.3-flash@ollama,primary,1,fail,✗ 14/15,
amber-ollama/results/2026-W36.md,Cross-vendor digest,A-a5608487,ops,d4f-0731 crof,deepseek-v4-flash:0731@crof,primary,1,pass,✓,
amber-ollama/results/2026-W36.md,Full matrix,A-a5608487,ops,d4f,deepseek-v4-flash:0731@ollama,primary,0,fail,✗ 4/5,
amber-ollama/results/2026-W36.md,Cross-vendor digest,A-a5608487,ops,d4f-0731 ollama,deepseek-v4-flash:0731@ollama,primary,1,fail,✗ 4/5,
amber-ollama/results/2026-W36.md,Cross-vendor digest,A-a5608487,ops,glm-5.3-flash crof,glm-5.3-flash@crof,primary,1,pass,✓,
amber-ollama/results/2026-W36.md,Full matrix,A-a5608487,ops,g53f,glm-5.3-flash@ollama,primary,0,pass,✓,
amber-ollama/results/2026-W36.md,Cross-vendor digest,A-a5608487,ops,glm-5.3-flash ollama,glm-5.3-flash@ollama,primary,1,pass,✓,
amber-ollama/results/2026-W36.md,Full matrix,A-be92627f,verify,d4f,deepseek-v4-flash:0731@ollama,primary,0,fail,✗ 7/9,
amber-ollama/results/2026-W36.md,Full matrix,A-be92627f,verify,g53f,glm-5.3-flash@ollama,primary,0,fail,✗ 4/9,
amber-ollama/results/2026-W36.md,Cross-vendor digest,A-cdc3d11a,review,d4f-0731 crof,deepseek-v4-flash:0731@crof,primary,1,fail,✗ -12,
amber-ollama/results/2026-W36.md,Full matrix,A-cdc3d11a,review,d4f,deepseek-v4-flash:0731@ollama,primary,0,fail,✗ -2,
amber-ollama/results/2026-W36.md,Cross-vendor digest,A-cdc3d11a,review,d4f-0731 ollama,deepseek-v4-flash:0731@ollama,primary,1,fail,✗ -2,
amber-ollama/results/2026-W36.md,Cross-vendor digest,A-cdc3d11a,review,glm-5.3-flash crof,glm-5.3-flash@crof,primary,1,fail,✗ -2,
amber-ollama/results/2026-W36.md,Full matrix,A-cdc3d11a,review,g53f,glm-5.3-flash@ollama,primary,0,fail,✗ 0,
amber-ollama/results/2026-W36.md,Cross-vendor digest,A-cdc3d11a,review,glm-5.3-flash ollama,glm-5.3-flash@ollama,primary,1,fail,✗ 0,
amber-ollama/results/2026-W36.md,Full matrix,A-d511f9e8,verify,d4f,deepseek-v4-flash:0731@ollama,primary,0,fail,✗ 4/12,
amber-ollama/results/2026-W36.md,Full matrix,A-d511f9e8,verify,g53f,glm-5.3-flash@ollama,primary,0,fail,✗ 4/12,
amber-ollama/results/2026-W36.md,Cross-vendor digest,A-d9b79b46,ui-build,d4f-0731 crof,deepseek-v4-flash:0731@crof,primary,1,fail,✗,
amber-ollama/results/2026-W36.md,Full matrix,A-d9b79b46,ui-build,d4f,deepseek-v4-flash:0731@ollama,primary,0,fail,✗,
amber-ollama/results/2026-W36.md,Cross-vendor digest,A-d9b79b46,ui-build,d4f-0731 ollama,deepseek-v4-flash:0731@ollama,primary,1,fail,✗,
amber-ollama/results/2026-W36.md,Cross-vendor digest,A-d9b79b46,ui-build,glm-5.3-flash crof,glm-5.3-flash@crof,primary,1,pass,✓,
amber-ollama/results/2026-W36.md,Full matrix,A-d9b79b46,ui-build,g53f,glm-5.3-flash@ollama,primary,0,fail,✗ 11/12,
amber-ollama/results/2026-W36.md,Cross-vendor digest,A-d9b79b46,ui-build,glm-5.3-flash ollama,glm-5.3-flash@ollama,primary,1,fail,✗ 11/12,
amber-ollama/results/2026-W36.md,Cross-vendor digest,A-ea80d793,vision,d4f-0731 crof,deepseek-v4-flash:0731@crof,primary,1,fail,✗ blank,
amber-ollama/results/2026-W36.md,Full matrix,A-ea80d793,vision,d4f,deepseek-v4-flash:0731@ollama,primary,0,fail,✗ -2,
amber-ollama/results/2026-W36.md,Cross-vendor digest,A-ea80d793,vision,d4f-0731 ollama,deepseek-v4-flash:0731@ollama,primary,1,fail,✗ -2,
amber-ollama/results/2026-W36.md,Cross-vendor digest,A-ea80d793,vision,glm-5.3-flash crof,glm-5.3-flash@crof,primary,1,fail,✗ -2,
amber-ollama/results/2026-W36.md,Full matrix,A-ea80d793,vision,g53f,glm-5.3-flash@ollama,primary,0,pass,✓ 3.0,
amber-ollama/results/2026-W36.md,Cross-vendor digest,A-ea80d793,vision,glm-5.3-flash ollama,glm-5.3-flash@ollama,primary,1,pass,✓ 3.0,
amber-ollama/results/2026-W37.md,Head-to-head matrix (same day/band/endpoint),A-0676097b,req-drift,deepseek-v4.1-flash,deepseek-v4.1-flash@ollama,primary,0,pass,✓,
amber-ollama/results/2026-W37.md,Head-to-head matrix (same day/band/endpoint),A-0676097b,req-drift,glm-5.3-flash,glm-5.3-flash@ollama,retest,0,pass,✓,
amber-ollama/results/2026-W37.md,Head-to-head matrix (same day/band/endpoint),A-13854d9d,text,deepseek-v4.1-flash,deepseek-v4.1-flash@ollama,primary,0,pass,✓ 5/5,
amber-ollama/results/2026-W37.md,Head-to-head matrix (same day/band/endpoint),A-13854d9d,text,glm-5.3-flash,glm-5.3-flash@ollama,retest,0,pass,✓ 5/5,
amber-ollama/results/2026-W37.md,Head-to-head matrix (same day/band/endpoint),A-1fd3683a,text,deepseek-v4.1-flash,deepseek-v4.1-flash@ollama,primary,0,pass,✓ 2/2,
amber-ollama/results/2026-W37.md,Head-to-head matrix (same day/band/endpoint),A-1fd3683a,text,glm-5.3-flash,glm-5.3-flash@ollama,retest,0,pass,✓ 2/2,
amber-ollama/results/2026-W37.md,Head-to-head matrix (same day/band/endpoint),A-24bcf707,ops,deepseek-v4.1-flash,deepseek-v4.1-flash@ollama,primary,0,pass,✓,
amber-ollama/results/2026-W37.md,Head-to-head matrix (same day/band/endpoint),A-24bcf707,ops,glm-5.3-flash,glm-5.3-flash@ollama,retest,0,pass,✓,
amber-ollama/results/2026-W37.md,Head-to-head matrix (same day/band/endpoint),A-442d4aab,build,deepseek-v4.1-flash,deepseek-v4.1-flash@ollama,primary,0,pass,✓ 7/7,
amber-ollama/results/2026-W37.md,Head-to-head matrix (same day/band/endpoint),A-442d4aab,build,glm-5.3-flash,glm-5.3-flash@ollama,retest,0,pass,✓ 7/7,
amber-ollama/results/2026-W37.md,Head-to-head matrix (same day/band/endpoint),A-47eea242,review,deepseek-v4.1-flash,deepseek-v4.1-flash@ollama,primary,0,pass,✓ 4,
amber-ollama/results/2026-W37.md,Head-to-head matrix (same day/band/endpoint),A-47eea242,review,glm-5.3-flash,glm-5.3-flash@ollama,retest,0,pass,✓ 4,
amber-ollama/results/2026-W37.md,Head-to-head matrix (same day/band/endpoint),A-569dbe0d,build,deepseek-v4.1-flash,deepseek-v4.1-flash@ollama,primary,0,pass,✓ 10/10,
amber-ollama/results/2026-W37.md,Head-to-head matrix (same day/band/endpoint),A-569dbe0d,build,glm-5.3-flash,glm-5.3-flash@ollama,retest,0,pass,✓ 10/10,
amber-ollama/results/2026-W37.md,Head-to-head matrix (same day/band/endpoint),A-61f7ad01,build,deepseek-v4.1-flash,deepseek-v4.1-flash@ollama,primary,0,pass,✓ 7/7,
amber-ollama/results/2026-W37.md,Head-to-head matrix (same day/band/endpoint),A-61f7ad01,build,glm-5.3-flash,glm-5.3-flash@ollama,retest,0,pass,✓ 7/7,
amber-ollama/results/2026-W37.md,Head-to-head matrix (same day/band/endpoint),A-641195e2,build,deepseek-v4.1-flash,deepseek-v4.1-flash@ollama,primary,0,pass,✓ 8/8,
amber-ollama/results/2026-W37.md,Head-to-head matrix (same day/band/endpoint),A-641195e2,build,glm-5.3-flash,glm-5.3-flash@ollama,retest,0,pass,✓ 8/8,
amber-ollama/results/2026-W37.md,Makeup matrix,A-6fbeb363,ops,deepseek-v4-flash:0731,deepseek-v4-flash:0731@ollama,makeup,0,pass,✓ 6/6,
amber-ollama/results/2026-W37.md,Head-to-head matrix (same day/band/endpoint),A-6fbeb363,ops,deepseek-v4.1-flash,deepseek-v4.1-flash@ollama,primary,0,pass,✓,
amber-ollama/results/2026-W37.md,Makeup matrix,A-6fbeb363,ops,glm-5.3-flash,glm-5.3-flash@ollama,makeup,0,pass,✓ 6/6,
amber-ollama/results/2026-W37.md,Head-to-head matrix (same day/band/endpoint),A-6fbeb363,ops,glm-5.3-flash,glm-5.3-flash@ollama,retest,0,pass,✓,
amber-ollama/results/2026-W37.md,Head-to-head matrix (same day/band/endpoint),A-77d62143,build,deepseek-v4.1-flash,deepseek-v4.1-flash@ollama,primary,0,pass,✓ 8/8,
amber-ollama/results/2026-W37.md,Head-to-head matrix (same day/band/endpoint),A-77d62143,build,glm-5.3-flash,glm-5.3-flash@ollama,retest,0,pass,✓ 8/8,
amber-ollama/results/2026-W37.md,Head-to-head matrix (same day/band/endpoint),A-791e90ac,text,deepseek-v4.1-flash,deepseek-v4.1-flash@ollama,primary,0,pass,✓ 6/6,
amber-ollama/results/2026-W37.md,Head-to-head matrix (same day/band/endpoint),A-791e90ac,text,glm-5.3-flash,glm-5.3-flash@ollama,retest,0,pass,✓ 6/6,
amber-ollama/results/2026-W37.md,Head-to-head matrix (same day/band/endpoint),A-87c472cb,build,deepseek-v4.1-flash,deepseek-v4.1-flash@ollama,primary,0,fail,✗ 6/8,
amber-ollama/results/2026-W37.md,Head-to-head matrix (same day/band/endpoint),A-87c472cb,build,glm-5.3-flash,glm-5.3-flash@ollama,retest,0,fail,✗ 6/8,
amber-ollama/results/2026-W37.md,Makeup matrix,A-8c909d0a,ops,deepseek-v4-flash:0731,deepseek-v4-flash:0731@ollama,makeup,0,pass,✓ 7/7,
amber-ollama/results/2026-W37.md,Head-to-head matrix (same day/band/endpoint),A-8c909d0a,ops,deepseek-v4.1-flash,deepseek-v4.1-flash@ollama,primary,0,pass,✓,
amber-ollama/results/2026-W37.md,Makeup matrix,A-8c909d0a,ops,glm-5.3-flash,glm-5.3-flash@ollama,makeup,0,pass,✓ 7/7,
amber-ollama/results/2026-W37.md,Head-to-head matrix (same day/band/endpoint),A-8c909d0a,ops,glm-5.3-flash,glm-5.3-flash@ollama,retest,0,pass,✓,
amber-ollama/results/2026-W37.md,Head-to-head matrix (same day/band/endpoint),A-8d4bc770,ops,deepseek-v4.1-flash,deepseek-v4.1-flash@ollama,primary,0,pass,✓,
amber-ollama/results/2026-W37.md,Head-to-head matrix (same day/band/endpoint),A-8d4bc770,ops,glm-5.3-flash,glm-5.3-flash@ollama,retest,0,pass,✓,
amber-ollama/results/2026-W37.md,Head-to-head matrix (same day/band/endpoint),A-984e80ee,ops,deepseek-v4.1-flash,deepseek-v4.1-flash@ollama,primary,0,pass,✓,
amber-ollama/results/2026-W37.md,Head-to-head matrix (same day/band/endpoint),A-984e80ee,ops,glm-5.3-flash,glm-5.3-flash@ollama,retest,0,pass,✓（首跑挂、当场复测过）,
amber-ollama/results/2026-W37.md,Head-to-head matrix (same day/band/endpoint),A-a317e74b,verify,deepseek-v4.1-flash,deepseek-v4.1-flash@ollama,primary,0,fail,✗ 7/15,
amber-ollama/results/2026-W37.md,Head-to-head matrix (same day/band/endpoint),A-a317e74b,verify,glm-5.3-flash,glm-5.3-flash@ollama,retest,0,fail,✗ 0/15,
amber-ollama/results/2026-W37.md,Head-to-head matrix (same day/band/endpoint),A-a5608487,ops,deepseek-v4.1-flash,deepseek-v4.1-flash@ollama,primary,0,pass,✓,
amber-ollama/results/2026-W37.md,Head-to-head matrix (same day/band/endpoint),A-a5608487,ops,glm-5.3-flash,glm-5.3-flash@ollama,retest,0,pass,✓,
amber-ollama/results/2026-W37.md,Head-to-head matrix (same day/band/endpoint),A-be92627f,verify,deepseek-v4.1-flash,deepseek-v4.1-flash@ollama,primary,0,fail,✗ 4/9,
amber-ollama/results/2026-W37.md,Head-to-head matrix (same day/band/endpoint),A-be92627f,verify,glm-5.3-flash,glm-5.3-flash@ollama,retest,0,fail,✗ 4/9,
amber-ollama/results/2026-W37.md,Head-to-head matrix (same day/band/endpoint),A-cdc3d11a,review,deepseek-v4.1-flash,deepseek-v4.1-flash@ollama,primary,0,fail,✗ 0,
amber-ollama/results/2026-W37.md,Head-to-head matrix (same day/band/endpoint),A-cdc3d11a,review,glm-5.3-flash,glm-5.3-flash@ollama,retest,0,fail,✗ -2,
amber-ollama/results/2026-W37.md,Head-to-head matrix (same day/band/endpoint),A-d511f9e8,verify,deepseek-v4.1-flash,deepseek-v4.1-flash@ollama,primary,0,fail,✗ 4/12,
amber-ollama/results/2026-W37.md,Head-to-head matrix (same day/band/endpoint),A-d511f9e8,verify,glm-5.3-flash,glm-5.3-flash@ollama,retest,0,fail,✗ 4/12,
amber-ollama/results/2026-W37.md,Head-to-head matrix (same day/band/endpoint),A-d9b79b46,ui-build,deepseek-v4.1-flash,deepseek-v4.1-flash@ollama,primary,0,pass,✓,
amber-ollama/results/2026-W37.md,Head-to-head matrix (same day/band/endpoint),A-d9b79b46,ui-build,glm-5.3-flash,glm-5.3-flash@ollama,retest,0,fail,✗,
amber-ollama/results/2026-W37.md,Head-to-head matrix (same day/band/endpoint),A-ea80d793,vision,deepseek-v4.1-flash,deepseek-v4.1-flash@ollama,primary,0,fail,✗ -2,
amber-ollama/results/2026-W37.md,Head-to-head matrix (same day/band/endpoint),A-ea80d793,vision,glm-5.3-flash,glm-5.3-flash@ollama,retest,0,fail,✗ 2.0,
amber-opencode/results/2026-W37.md,Full matrix (same-name cross-vendor),A-0676097b,req-drift,v4.1-flash-exp 预览 @ 官方,deepseek-v4.1-flash-exp@deepseek-official,primary,1,pass,✓ 4/4,
amber-opencode/results/2026-W37.md,Full matrix (same-name cross-vendor),A-0676097b,req-drift,v4.1-flash @ CommandCode,deepseek-v4.1-flash@commandcode,primary,1,pass,✓ 4/4,
amber-opencode/results/2026-W37.md,Full matrix (same-name cross-vendor),A-0676097b,req-drift,v4.1-flash @ OpenCode Go,deepseek-v4.1-flash@opencode-go,primary,0,pass,✓ 4/4,
amber-opencode/results/2026-W37.md,Full matrix (same-name cross-vendor),A-13854d9d,text,v4.1-flash-exp 预览 @ 官方,deepseek-v4.1-flash-exp@deepseek-official,primary,1,pass,✓ 5/5,
amber-opencode/results/2026-W37.md,Full matrix (same-name cross-vendor),A-13854d9d,text,v4.1-flash @ CommandCode,deepseek-v4.1-flash@commandcode,primary,1,pass,✓ 5/5,
amber-opencode/results/2026-W37.md,Full matrix (same-name cross-vendor),A-13854d9d,text,v4.1-flash @ OpenCode Go,deepseek-v4.1-flash@opencode-go,primary,0,pass,✓ 5/5,
amber-opencode/results/2026-W37.md,Full matrix (same-name cross-vendor),A-1fd3683a,text,v4.1-flash-exp 预览 @ 官方,deepseek-v4.1-flash-exp@deepseek-official,primary,1,pass,✓ 2/2,
amber-opencode/results/2026-W37.md,Full matrix (same-name cross-vendor),A-1fd3683a,text,v4.1-flash @ CommandCode,deepseek-v4.1-flash@commandcode,primary,1,pass,✓ 2/2,
amber-opencode/results/2026-W37.md,Full matrix (same-name cross-vendor),A-1fd3683a,text,v4.1-flash @ OpenCode Go,deepseek-v4.1-flash@opencode-go,primary,0,pass,✓ 2/2,
amber-opencode/results/2026-W37.md,Full matrix (same-name cross-vendor),A-24bcf707,ops,v4.1-flash-exp 预览 @ 官方,deepseek-v4.1-flash-exp@deepseek-official,primary,1,pass,✓ 5/5,
amber-opencode/results/2026-W37.md,Full matrix (same-name cross-vendor),A-24bcf707,ops,v4.1-flash @ CommandCode,deepseek-v4.1-flash@commandcode,primary,1,pass,✓ 5/5,
amber-opencode/results/2026-W37.md,Full matrix (same-name cross-vendor),A-24bcf707,ops,v4.1-flash @ OpenCode Go,deepseek-v4.1-flash@opencode-go,primary,0,pass,✓ 5/5,
amber-opencode/results/2026-W37.md,Full matrix (same-name cross-vendor),A-442d4aab,build,v4.1-flash-exp 预览 @ 官方,deepseek-v4.1-flash-exp@deepseek-official,primary,1,pass,✓ 7/7,
amber-opencode/results/2026-W37.md,Full matrix (same-name cross-vendor),A-442d4aab,build,v4.1-flash @ CommandCode,deepseek-v4.1-flash@commandcode,primary,1,pass,✓ 7/7,
amber-opencode/results/2026-W37.md,Full matrix (same-name cross-vendor),A-442d4aab,build,v4.1-flash @ OpenCode Go,deepseek-v4.1-flash@opencode-go,primary,0,pass,✓ 7/7,
amber-opencode/results/2026-W37.md,Full matrix (same-name cross-vendor),A-47eea242,review,v4.1-flash-exp 预览 @ 官方,deepseek-v4.1-flash-exp@deepseek-official,primary,1,fail,✗ 1,
amber-opencode/results/2026-W37.md,Full matrix (same-name cross-vendor),A-47eea242,review,v4.1-flash @ CommandCode,deepseek-v4.1-flash@commandcode,primary,1,pass,✓ 4,
amber-opencode/results/2026-W37.md,Full matrix (same-name cross-vendor),A-47eea242,review,v4.1-flash @ OpenCode Go,deepseek-v4.1-flash@opencode-go,primary,0,pass,✓ 3,
amber-opencode/results/2026-W37.md,Full matrix (same-name cross-vendor),A-569dbe0d,build,v4.1-flash-exp 预览 @ 官方,deepseek-v4.1-flash-exp@deepseek-official,primary,1,pass,✓ 10/10,
amber-opencode/results/2026-W37.md,Full matrix (same-name cross-vendor),A-569dbe0d,build,v4.1-flash @ CommandCode,deepseek-v4.1-flash@commandcode,primary,1,pass,✓ 10/10,
amber-opencode/results/2026-W37.md,Full matrix (same-name cross-vendor),A-569dbe0d,build,v4.1-flash @ OpenCode Go,deepseek-v4.1-flash@opencode-go,primary,0,pass,✓ 10/10,
amber-opencode/results/2026-W37.md,Full matrix (same-name cross-vendor),A-61f7ad01,build,v4.1-flash-exp 预览 @ 官方,deepseek-v4.1-flash-exp@deepseek-official,primary,1,pass,✓ 7/7,
amber-opencode/results/2026-W37.md,Full matrix (same-name cross-vendor),A-61f7ad01,build,v4.1-flash @ CommandCode,deepseek-v4.1-flash@commandcode,primary,1,pass,✓ 7/7,
amber-opencode/results/2026-W37.md,Full matrix (same-name cross-vendor),A-61f7ad01,build,v4.1-flash @ OpenCode Go,deepseek-v4.1-flash@opencode-go,primary,0,pass,✓ 7/7,
amber-opencode/results/2026-W37.md,Full matrix (same-name cross-vendor),A-641195e2,build,v4.1-flash-exp 预览 @ 官方,deepseek-v4.1-flash-exp@deepseek-official,primary,1,pass,✓ 8/8,
amber-opencode/results/2026-W37.md,Full matrix (same-name cross-vendor),A-641195e2,build,v4.1-flash @ CommandCode,deepseek-v4.1-flash@commandcode,primary,1,pass,✓ 8/8,
amber-opencode/results/2026-W37.md,Full matrix (same-name cross-vendor),A-641195e2,build,v4.1-flash @ OpenCode Go,deepseek-v4.1-flash@opencode-go,primary,0,pass,✓ 8/8,
amber-opencode/results/2026-W37.md,Full matrix (same-name cross-vendor),A-6fbeb363,ops,v4.1-flash-exp 预览 @ 官方,deepseek-v4.1-flash-exp@deepseek-official,primary,1,pass,✓ 6/6,
amber-opencode/results/2026-W37.md,Full matrix (same-name cross-vendor),A-6fbeb363,ops,v4.1-flash @ CommandCode,deepseek-v4.1-flash@commandcode,primary,1,pass,✓ 6/6,
amber-opencode/results/2026-W37.md,Full matrix (same-name cross-vendor),A-6fbeb363,ops,v4.1-flash @ OpenCode Go,deepseek-v4.1-flash@opencode-go,primary,0,pass,✓ 6/6,
amber-opencode/results/2026-W37.md,Full matrix (same-name cross-vendor),A-77d62143,build,v4.1-flash-exp 预览 @ 官方,deepseek-v4.1-flash-exp@deepseek-official,primary,1,pass,✓ 8/8,
amber-opencode/results/2026-W37.md,Full matrix (same-name cross-vendor),A-77d62143,build,v4.1-flash @ CommandCode,deepseek-v4.1-flash@commandcode,primary,1,pass,✓ 8/8,
amber-opencode/results/2026-W37.md,Full matrix (same-name cross-vendor),A-77d62143,build,v4.1-flash @ OpenCode Go,deepseek-v4.1-flash@opencode-go,primary,0,pass,✓ 8/8,
amber-opencode/results/2026-W37.md,Full matrix (same-name cross-vendor),A-791e90ac,text,v4.1-flash-exp 预览 @ 官方,deepseek-v4.1-flash-exp@deepseek-official,primary,1,fail,✗ no code,
amber-opencode/results/2026-W37.md,Full matrix (same-name cross-vendor),A-791e90ac,text,v4.1-flash @ CommandCode,deepseek-v4.1-flash@commandcode,primary,1,pass,✓ 6/6,
amber-opencode/results/2026-W37.md,Full matrix (same-name cross-vendor),A-791e90ac,text,v4.1-flash @ OpenCode Go,deepseek-v4.1-flash@opencode-go,primary,0,pass,✓ 6/6,
amber-opencode/results/2026-W37.md,Full matrix (same-name cross-vendor),A-87c472cb,build,v4.1-flash-exp 预览 @ 官方,deepseek-v4.1-flash-exp@deepseek-official,primary,1,fail,✗ 6/8,
amber-opencode/results/2026-W37.md,Full matrix (same-name cross-vendor),A-87c472cb,build,v4.1-flash @ CommandCode,deepseek-v4.1-flash@commandcode,primary,1,fail,✗ 6/8,
amber-opencode/results/2026-W37.md,Full matrix (same-name cross-vendor),A-87c472cb,build,v4.1-flash @ OpenCode Go,deepseek-v4.1-flash@opencode-go,primary,0,fail,✗ 6/8,
amber-opencode/results/2026-W37.md,Full matrix (same-name cross-vendor),A-8c909d0a,ops,v4.1-flash-exp 预览 @ 官方,deepseek-v4.1-flash-exp@deepseek-official,primary,1,pass,✓ 7/7,
amber-opencode/results/2026-W37.md,Full matrix (same-name cross-vendor),A-8c909d0a,ops,v4.1-flash @ CommandCode,deepseek-v4.1-flash@commandcode,primary,1,pass,✓ 7/7,
amber-opencode/results/2026-W37.md,Full matrix (same-name cross-vendor),A-8c909d0a,ops,v4.1-flash @ OpenCode Go,deepseek-v4.1-flash@opencode-go,primary,0,pass,✓ 7/7,
amber-opencode/results/2026-W37.md,Full matrix (same-name cross-vendor),A-8d4bc770,ops,v4.1-flash-exp 预览 @ 官方,deepseek-v4.1-flash-exp@deepseek-official,primary,1,pass,✓ 5/5,
amber-opencode/results/2026-W37.md,Full matrix (same-name cross-vendor),A-8d4bc770,ops,v4.1-flash @ CommandCode,deepseek-v4.1-flash@commandcode,primary,1,pass,✓ 5/5,
amber-opencode/results/2026-W37.md,Full matrix (same-name cross-vendor),A-8d4bc770,ops,v4.1-flash @ OpenCode Go,deepseek-v4.1-flash@opencode-go,primary,0,pass,✓ 5/5,
amber-opencode/results/2026-W37.md,Full matrix (same-name cross-vendor),A-984e80ee,ops,v4.1-flash-exp 预览 @ 官方,deepseek-v4.1-flash-exp@deepseek-official,primary,1,pass,✓ 5/5,
amber-opencode/results/2026-W37.md,Full matrix (same-name cross-vendor),A-984e80ee,ops,v4.1-flash @ CommandCode,deepseek-v4.1-flash@commandcode,primary,1,pass,✓ 5/5,
amber-opencode/results/2026-W37.md,Full matrix (same-name cross-vendor),A-984e80ee,ops,v4.1-flash @ OpenCode Go,deepseek-v4.1-flash@opencode-go,primary,0,pass,✓ 5/5,
amber-opencode/results/2026-W37.md,Full matrix (same-name cross-vendor),A-a317e74b,verify,v4.1-flash-exp 预览 @ 官方,deepseek-v4.1-flash-exp@deepseek-official,primary,1,fail,✗ 7/15,
amber-opencode/results/2026-W37.md,Full matrix (same-name cross-vendor),A-a317e74b,verify,v4.1-flash @ CommandCode,deepseek-v4.1-flash@commandcode,primary,1,fail,✗ 13/15,
amber-opencode/results/2026-W37.md,Full matrix (same-name cross-vendor),A-a317e74b,verify,v4.1-flash @ OpenCode Go,deepseek-v4.1-flash@opencode-go,primary,0,fail,✗ 7/15,
amber-opencode/results/2026-W37.md,Full matrix (same-name cross-vendor),A-a5608487,ops,v4.1-flash-exp 预览 @ 官方,deepseek-v4.1-flash-exp@deepseek-official,primary,1,pass,✓ 5/5,
amber-opencode/results/2026-W37.md,Full matrix (same-name cross-vendor),A-a5608487,ops,v4.1-flash @ CommandCode,deepseek-v4.1-flash@commandcode,primary,1,pass,✓ 5/5,
amber-opencode/results/2026-W37.md,Full matrix (same-name cross-vendor),A-a5608487,ops,v4.1-flash @ OpenCode Go,deepseek-v4.1-flash@opencode-go,primary,0,pass,✓ 5/5,
amber-opencode/results/2026-W37.md,Full matrix (same-name cross-vendor),A-be92627f,verify,v4.1-flash-exp 预览 @ 官方,deepseek-v4.1-flash-exp@deepseek-official,primary,1,fail,✗ 4/9,
amber-opencode/results/2026-W37.md,Full matrix (same-name cross-vendor),A-be92627f,verify,v4.1-flash @ CommandCode,deepseek-v4.1-flash@commandcode,primary,1,fail,✗ 8/9,
amber-opencode/results/2026-W37.md,Full matrix (same-name cross-vendor),A-be92627f,verify,v4.1-flash @ OpenCode Go,deepseek-v4.1-flash@opencode-go,primary,0,fail,✗ 7/9,
amber-opencode/results/2026-W37.md,Full matrix (same-name cross-vendor),A-cdc3d11a,review,v4.1-flash-exp 预览 @ 官方,deepseek-v4.1-flash-exp@deepseek-official,primary,1,fail,✗ -2,
amber-opencode/results/2026-W37.md,Full matrix (same-name cross-vendor),A-cdc3d11a,review,v4.1-flash @ CommandCode,deepseek-v4.1-flash@commandcode,primary,1,fail,✗ -2,
amber-opencode/results/2026-W37.md,Full matrix (same-name cross-vendor),A-cdc3d11a,review,v4.1-flash @ OpenCode Go,deepseek-v4.1-flash@opencode-go,primary,0,fail,✗ -2,
amber-opencode/results/2026-W37.md,Full matrix (same-name cross-vendor),A-d511f9e8,verify,v4.1-flash-exp 预览 @ 官方,deepseek-v4.1-flash-exp@deepseek-official,primary,1,fail,✗ 4/12,
amber-opencode/results/2026-W37.md,Full matrix (same-name cross-vendor),A-d511f9e8,verify,v4.1-flash @ CommandCode,deepseek-v4.1-flash@commandcode,primary,1,fail,✗ 4/12,
amber-opencode/results/2026-W37.md,Full matrix (same-name cross-vendor),A-d511f9e8,verify,v4.1-flash @ OpenCode Go,deepseek-v4.1-flash@opencode-go,primary,0,fail,✗ 4/12,
amber-opencode/results/2026-W37.md,Full matrix (same-name cross-vendor),A-d9b79b46,ui-build,v4.1-flash-exp 预览 @ 官方,deepseek-v4.1-flash-exp@deepseek-official,primary,1,fail,✗,
amber-opencode/results/2026-W37.md,Full matrix (same-name cross-vendor),A-d9b79b46,ui-build,v4.1-flash @ CommandCode,deepseek-v4.1-flash@commandcode,primary,1,pass,✓ 12/12,
amber-opencode/results/2026-W37.md,Full matrix (same-name cross-vendor),A-d9b79b46,ui-build,v4.1-flash @ OpenCode Go,deepseek-v4.1-flash@opencode-go,primary,0,fail,✗ 未交付,
amber-opencode/results/2026-W37.md,Full matrix (same-name cross-vendor),A-ea80d793,vision,v4.1-flash-exp 预览 @ 官方,deepseek-v4.1-flash-exp@deepseek-official,primary,1,fail,✗ -1.0(1/5),
amber-opencode/results/2026-W37.md,Full matrix (same-name cross-vendor),A-ea80d793,vision,v4.1-flash @ CommandCode,deepseek-v4.1-flash@commandcode,primary,1,fail,✗ -1.0,
amber-opencode/results/2026-W37.md,Full matrix (same-name cross-vendor),A-ea80d793,vision,v4.1-flash @ OpenCode Go,deepseek-v4.1-flash@opencode-go,primary,0,fail,✗ -2,
amber-workbuddy/results/2026-W37.md,Full matrix,A-0676097b,req-drift,deepseek-flash（官方 GA，对照）,deepseek-flash@deepseek-official,primary,1,pass,✓ 4/4,
amber-workbuddy/results/2026-W37.md,Full matrix,A-0676097b,req-drift,deepseek-v4.1-flash (wb),deepseek-v4.1-flash@workbuddy,primary,0,pass,✓ 4/4,
amber-workbuddy/results/2026-W37.md,Full matrix,A-0676097b,req-drift,hy4-preview-f (wb),hy4-preview-f@workbuddy,primary,0,pass,✓ 4/4,
amber-workbuddy/results/2026-W37.md,Full matrix,A-13854d9d,text,deepseek-flash（官方 GA，对照）,deepseek-flash@deepseek-official,primary,1,pass,✓ 5/5,
amber-workbuddy/results/2026-W37.md,Full matrix,A-13854d9d,text,deepseek-v4.1-flash (wb),deepseek-v4.1-flash@workbuddy,primary,0,pass,✓ 5/5,
amber-workbuddy/results/2026-W37.md,Full matrix,A-13854d9d,text,hy4-preview-f (wb),hy4-preview-f@workbuddy,primary,0,pass,✓ 5/5,
amber-workbuddy/results/2026-W37.md,Full matrix,A-1fd3683a,text,deepseek-flash（官方 GA，对照）,deepseek-flash@deepseek-official,primary,1,pass,✓ 2/2,
amber-workbuddy/results/2026-W37.md,Full matrix,A-1fd3683a,text,deepseek-v4.1-flash (wb),deepseek-v4.1-flash@workbuddy,primary,0,pass,✓ 2/2,
amber-workbuddy/results/2026-W37.md,Full matrix,A-1fd3683a,text,hy4-preview-f (wb),hy4-preview-f@workbuddy,primary,0,pass,✓ 2/2,
amber-workbuddy/results/2026-W37.md,Full matrix,A-24bcf707,ops,deepseek-flash（官方 GA，对照）,deepseek-flash@deepseek-official,primary,1,pass,✓ 5/5,
amber-workbuddy/results/2026-W37.md,Full matrix,A-24bcf707,ops,deepseek-v4.1-flash (wb),deepseek-v4.1-flash@workbuddy,primary,0,pass,✓ 5/5,
amber-workbuddy/results/2026-W37.md,Full matrix,A-24bcf707,ops,hy4-preview-f (wb),hy4-preview-f@workbuddy,primary,0,pass,✓ 5/5,
amber-workbuddy/results/2026-W37.md,Full matrix,A-442d4aab,build,deepseek-flash（官方 GA，对照）,deepseek-flash@deepseek-official,primary,1,pass,✓ 7/7,
amber-workbuddy/results/2026-W37.md,Full matrix,A-442d4aab,build,deepseek-v4.1-flash (wb),deepseek-v4.1-flash@workbuddy,primary,0,pass,✓ 7/7,
amber-workbuddy/results/2026-W37.md,Full matrix,A-442d4aab,build,hy4-preview-f (wb),hy4-preview-f@workbuddy,primary,0,pass,✓ 7/7,
amber-workbuddy/results/2026-W37.md,Full matrix,A-47eea242,review,deepseek-flash（官方 GA，对照）,deepseek-flash@deepseek-official,primary,1,pass,✓ 3,
amber-workbuddy/results/2026-W37.md,Full matrix,A-47eea242,review,deepseek-v4.1-flash (wb),deepseek-v4.1-flash@workbuddy,primary,0,pass,✓ 4,
amber-workbuddy/results/2026-W37.md,Full matrix,A-47eea242,review,hy4-preview-f (wb),hy4-preview-f@workbuddy,primary,0,pass,✓ 3,
amber-workbuddy/results/2026-W37.md,Full matrix,A-569dbe0d,build,deepseek-flash（官方 GA，对照）,deepseek-flash@deepseek-official,primary,1,pass,✓ 10/10,
amber-workbuddy/results/2026-W37.md,Full matrix,A-569dbe0d,build,deepseek-v4.1-flash (wb),deepseek-v4.1-flash@workbuddy,primary,0,fail,✗ 8/10,
amber-workbuddy/results/2026-W37.md,Full matrix,A-569dbe0d,build,hy4-preview-f (wb),hy4-preview-f@workbuddy,primary,0,pass,✓ 10/10,
amber-workbuddy/results/2026-W37.md,Full matrix,A-61f7ad01,build,deepseek-flash（官方 GA，对照）,deepseek-flash@deepseek-official,primary,1,pass,✓ 7/7,
amber-workbuddy/results/2026-W37.md,Full matrix,A-61f7ad01,build,deepseek-v4.1-flash (wb),deepseek-v4.1-flash@workbuddy,primary,0,fail,✗ 5/7,
amber-workbuddy/results/2026-W37.md,Full matrix,A-61f7ad01,build,hy4-preview-f (wb),hy4-preview-f@workbuddy,primary,0,pass,✓ 7/7,
amber-workbuddy/results/2026-W37.md,Full matrix,A-641195e2,build,deepseek-flash（官方 GA，对照）,deepseek-flash@deepseek-official,primary,1,pass,✓ 8/8,
amber-workbuddy/results/2026-W37.md,Full matrix,A-641195e2,build,deepseek-v4.1-flash (wb),deepseek-v4.1-flash@workbuddy,primary,0,pass,✓ 8/8,
amber-workbuddy/results/2026-W37.md,Full matrix,A-641195e2,build,hy4-preview-f (wb),hy4-preview-f@workbuddy,primary,0,pass,✓ 8/8,
amber-workbuddy/results/2026-W37.md,Full matrix,A-6fbeb363,ops,deepseek-flash（官方 GA，对照）,deepseek-flash@deepseek-official,primary,1,pass,✓ 6/6,
amber-workbuddy/results/2026-W37.md,Full matrix,A-6fbeb363,ops,deepseek-v4.1-flash (wb),deepseek-v4.1-flash@workbuddy,primary,0,pass,✓ 6/6,
amber-workbuddy/results/2026-W37.md,Full matrix,A-6fbeb363,ops,hy4-preview-f (wb),hy4-preview-f@workbuddy,primary,0,pass,✓ 6/6,
amber-workbuddy/results/2026-W37.md,Full matrix,A-77d62143,build,deepseek-flash（官方 GA，对照）,deepseek-flash@deepseek-official,primary,1,pass,✓ 8/8,
amber-workbuddy/results/2026-W37.md,Full matrix,A-77d62143,build,deepseek-v4.1-flash (wb),deepseek-v4.1-flash@workbuddy,primary,0,pass,✓ 8/8,
amber-workbuddy/results/2026-W37.md,Full matrix,A-77d62143,build,hy4-preview-f (wb),hy4-preview-f@workbuddy,primary,0,pass,✓ 8/8,
amber-workbuddy/results/2026-W37.md,Full matrix,A-791e90ac,text,deepseek-flash（官方 GA，对照）,deepseek-flash@deepseek-official,primary,1,pass,✓ 6/6,
amber-workbuddy/results/2026-W37.md,Full matrix,A-791e90ac,text,deepseek-v4.1-flash (wb),deepseek-v4.1-flash@workbuddy,primary,0,pass,✓ 6/6,
amber-workbuddy/results/2026-W37.md,Full matrix,A-791e90ac,text,hy4-preview-f (wb),hy4-preview-f@workbuddy,primary,0,pass,✓ 6/6,
amber-workbuddy/results/2026-W37.md,Full matrix,A-87c472cb,build,deepseek-flash（官方 GA，对照）,deepseek-flash@deepseek-official,primary,1,fail,✗ 6/8,
amber-workbuddy/results/2026-W37.md,Full matrix,A-87c472cb,build,deepseek-v4.1-flash (wb),deepseek-v4.1-flash@workbuddy,primary,0,fail,✗ 6/8,
amber-workbuddy/results/2026-W37.md,Full matrix,A-87c472cb,build,hy4-preview-f (wb),hy4-preview-f@workbuddy,primary,0,fail,✗ 6/8,
amber-workbuddy/results/2026-W37.md,Full matrix,A-8c909d0a,ops,deepseek-flash（官方 GA，对照）,deepseek-flash@deepseek-official,primary,1,pass,✓ 7/7,
amber-workbuddy/results/2026-W37.md,Full matrix,A-8c909d0a,ops,deepseek-v4.1-flash (wb),deepseek-v4.1-flash@workbuddy,primary,0,pass,✓ 7/7,
amber-workbuddy/results/2026-W37.md,Full matrix,A-8c909d0a,ops,hy4-preview-f (wb),hy4-preview-f@workbuddy,primary,0,pass,✓ 7/7,
amber-workbuddy/results/2026-W37.md,Full matrix,A-8d4bc770,ops,deepseek-flash（官方 GA，对照）,deepseek-flash@deepseek-official,primary,1,pass,✓ 5/5,
amber-workbuddy/results/2026-W37.md,Full matrix,A-8d4bc770,ops,deepseek-v4.1-flash (wb),deepseek-v4.1-flash@workbuddy,primary,0,pass,✓ 5/5,
amber-workbuddy/results/2026-W37.md,Full matrix,A-8d4bc770,ops,hy4-preview-f (wb),hy4-preview-f@workbuddy,primary,0,pass,✓ 5/5,
amber-workbuddy/results/2026-W37.md,Full matrix,A-984e80ee,ops,deepseek-flash（官方 GA，对照）,deepseek-flash@deepseek-official,primary,1,pass,✓ 5/5,
amber-workbuddy/results/2026-W37.md,Full matrix,A-984e80ee,ops,deepseek-v4.1-flash (wb),deepseek-v4.1-flash@workbuddy,primary,0,pass,✓ 5/5,
amber-workbuddy/results/2026-W37.md,Full matrix,A-984e80ee,ops,hy4-preview-f (wb),hy4-preview-f@workbuddy,primary,0,pass,✓ 5/5,
amber-workbuddy/results/2026-W37.md,Full matrix,A-a317e74b,verify,deepseek-flash（官方 GA，对照）,deepseek-flash@deepseek-official,primary,1,fail,✗ 7/15,
amber-workbuddy/results/2026-W37.md,Full matrix,A-a317e74b,verify,deepseek-v4.1-flash (wb),deepseek-v4.1-flash@workbuddy,primary,0,fail,✗ 9/15,
amber-workbuddy/results/2026-W37.md,Full matrix,A-a317e74b,verify,hy4-preview-f (wb),hy4-preview-f@workbuddy,primary,0,fail,✗ 14/15,
amber-workbuddy/results/2026-W37.md,Full matrix,A-a5608487,ops,deepseek-flash（官方 GA，对照）,deepseek-flash@deepseek-official,primary,1,pass,✓ 5/5,
amber-workbuddy/results/2026-W37.md,Full matrix,A-a5608487,ops,deepseek-v4.1-flash (wb),deepseek-v4.1-flash@workbuddy,primary,0,pass,✓ 5/5,
amber-workbuddy/results/2026-W37.md,Full matrix,A-a5608487,ops,hy4-preview-f (wb),hy4-preview-f@workbuddy,primary,0,pass,✓ 5/5,
amber-workbuddy/results/2026-W37.md,Full matrix,A-be92627f,verify,deepseek-flash（官方 GA，对照）,deepseek-flash@deepseek-official,primary,1,fail,✗ 4/9,
amber-workbuddy/results/2026-W37.md,Full matrix,A-be92627f,verify,deepseek-v4.1-flash (wb),deepseek-v4.1-flash@workbuddy,primary,0,pass,✓ 9/9,
amber-workbuddy/results/2026-W37.md,Full matrix,A-be92627f,verify,hy4-preview-f (wb),hy4-preview-f@workbuddy,primary,0,fail,✗ 3/9,
amber-workbuddy/results/2026-W37.md,Full matrix,A-cdc3d11a,review,deepseek-flash（官方 GA，对照）,deepseek-flash@deepseek-official,primary,1,fail,✗ -4,
amber-workbuddy/results/2026-W37.md,Full matrix,A-cdc3d11a,review,deepseek-v4.1-flash (wb),deepseek-v4.1-flash@workbuddy,primary,0,fail,✗ -2.0,
amber-workbuddy/results/2026-W37.md,Full matrix,A-cdc3d11a,review,hy4-preview-f (wb),hy4-preview-f@workbuddy,primary,0,fail,✗ -1.0,
amber-workbuddy/results/2026-W37.md,Full matrix,A-d511f9e8,verify,deepseek-flash（官方 GA，对照）,deepseek-flash@deepseek-official,primary,1,fail,✗ 4/12,
amber-workbuddy/results/2026-W37.md,Full matrix,A-d511f9e8,verify,deepseek-v4.1-flash (wb),deepseek-v4.1-flash@workbuddy,primary,0,fail,✗ 4/12,
amber-workbuddy/results/2026-W37.md,Full matrix,A-d511f9e8,verify,hy4-preview-f (wb),hy4-preview-f@workbuddy,primary,0,fail,✗ 4/12,
amber-workbuddy/results/2026-W37.md,Full matrix,A-d9b79b46,ui-build,deepseek-flash（官方 GA，对照）,deepseek-flash@deepseek-official,primary,1,fail,✗ 未交付,
amber-workbuddy/results/2026-W37.md,Full matrix,A-d9b79b46,ui-build,deepseek-v4.1-flash (wb),deepseek-v4.1-flash@workbuddy,primary,0,fail,✗ 未交付,
amber-workbuddy/results/2026-W37.md,Full matrix,A-d9b79b46,ui-build,hy4-preview-f (wb),hy4-preview-f@workbuddy,primary,0,pass,✓ 12/12,
amber-workbuddy/results/2026-W37.md,Full matrix,A-ea80d793,vision,deepseek-flash（官方 GA，对照）,deepseek-flash@deepseek-official,primary,1,fail,✗ -2（0/5）,
amber-workbuddy/results/2026-W37.md,Full matrix,A-ea80d793,vision,deepseek-v4.1-flash (wb),deepseek-v4.1-flash@workbuddy,primary,0,fail,✗ -2（0/5）¹,
amber-workbuddy/results/2026-W37.md,Full matrix,A-ea80d793,vision,hy4-preview-f (wb),hy4-preview-f@workbuddy,primary,0,fail,✗ -1.0（1/5）¹,
